skill,skill_label,cluster,questions,route_module,module_title,module_sections,concentration_pct,modules_spanned,in_skill_map,thin_flag
LEG-01,FERPA,scope-overgeneralization,12,MOD-D10-04,,3,75,2,Y,
ACA-06,Learning Theory,model-conflation,10,MOD-D4-02,Negative Reinforcement vs. Punishment: The Perennial Confusion,5,80,2,Y,
ACA-06,Learning Theory,label-retrieval,6,MOD-D3-05,Intrinsic Motivation: Why Choice Beats Candy,4,67,2,Y,
LEG-01,FERPA,scope-undergeneralization,5,MOD-D10-04,,3,60,2,Y,
DBD-01,RIOT Framework,label-retrieval,4,MOD-D9-04,RTI Data Analysis: Three Levels,3,100,1,Y,
MBH-03,Intervention Models,scope-undergeneralization,4,MOD-D4-01,CBT: The Most Supported School-Based Counseling Approach,4,25,4,Y,
MBH-03,Intervention Models,model-conflation,4,MOD-D4-01,CBT: The Most Supported School-Based Counseling Approach,4,100,1,Y,
SAF-03,Threat Assessment,scope-undergeneralization,4,MOD-D6-03,Threat Assessment: Duty to Warn,2,100,1,Y,THIN
LEG-02,IDEA,tier-level-confusion,4,MOD-D10-01,IDEA and Child Find: The Identification Mandate,4,100,1,Y,
RES-02,Research to Practice,label-retrieval,4,MOD-D9-05,Implementation Science: Dissemination Comes First,3,100,1,Y,
DBD-01,RIOT Framework,prerequisite-skipping,3,MOD-D9-04,RTI Data Analysis: Three Levels,3,100,1,Y,
DBD-01,RIOT Framework,scope-undergeneralization,3,MOD-D9-04,RTI Data Analysis: Three Levels,3,100,1,Y,
DBD-01,RIOT Framework,model-conflation,3,MOD-D9-04,RTI Data Analysis: Three Levels,3,100,1,Y,
DBD-01,RIOT Framework,component-confusion,3,MOD-D9-04,RTI Data Analysis: Three Levels,3,100,1,Y,
DBD-01,RIOT Framework,scope-overgeneralization,3,MOD-D9-04,RTI Data Analysis: Three Levels,3,100,1,Y,
DBD-03,Cognitive Assessment,component-confusion,3,MOD-D1-07,Reading Standard Scores on Cognitive Assessments,5,67,2,Y,
DBD-03,Cognitive Assessment,scope-undergeneralization,3,MOD-D1-07,Reading Standard Scores on Cognitive Assessments,5,100,1,Y,
DBD-03,Cognitive Assessment,sequence-inversion,3,MOD-D1-07,Reading Standard Scores on Cognitive Assessments,5,100,1,Y,
DBD-05,Processing Measures,purpose-confusion,3,MOD-D1-10,,4,100,1,Y,
DBD-06,Behavioral Assessment,model-conflation,3,MOD-D1-04,Starting Broad: Why the BASC Comes First,4,67,2,Y,
DBD-06,Behavioral Assessment,tier-level-confusion,3,MOD-D4-06,,3,67,2,Y,
DBD-07,FBA,scope-undergeneralization,3,MOD-D4-02,Negative Reinforcement vs. Punishment: The Perennial Confusion,5,67,2,Y,
DBD-09,Ecological Assessment,scope-undergeneralization,3,MOD-D8-01,Testing ELL and Diverse Students: Caution and Cultural Humility,3,100,1,Y,
PSY-03,MTSS in Assessment,validity-reliability-confusion,3,MOD-D5-02,RTI at the Systems Level: Not for Retention Decisions,2,67,2,Y,THIN
ACA-02,Accommodations,model-conflation,3,MOD-D3-04,,4,100,1,Y,
ACA-02,Accommodations,component-confusion,3,MOD-D3-04,,4,100,1,Y,
ACA-04,Instructional Strategies,component-confusion,3,MOD-D3-01,Evidence-Based Teaching: Explicit and Systematic Instruction,4,100,1,Y,
ACA-07,Language and Literacy,model-conflation,3,MOD-D3-02,Reading Programs: Phonological Processing Comes First,4,100,1,Y,
ACA-07,Language and Literacy,label-retrieval,3,MOD-D3-02,Reading Programs: Phonological Processing Comes First,4,100,1,Y,
ACA-08,Executive Function,treatment-assessment-confusion,3,MOD-D1-10,,4,67,2,Y,
DEV-01,Development,developmental-stage-mismatch,3,MOD-D4-09,,4,100,1,Y,
MBH-02,Counseling Supports,label-retrieval,3,MOD-D4-01,CBT: The Most Supported School-Based Counseling Approach,4,100,1,Y,
MBH-02,Counseling Supports,component-confusion,3,MOD-D4-01,CBT: The Most Supported School-Based Counseling Approach,4,67,2,Y,
MBH-03,Intervention Models,sequence-inversion,3,MOD-D4-01,CBT: The Most Supported School-Based Counseling Approach,4,33,3,Y,
MBH-03,Intervention Models,component-confusion,3,MOD-D4-01,CBT: The Most Supported School-Based Counseling Approach,4,33,3,Y,
MBH-03,Intervention Models,treatment-assessment-confusion,3,MOD-D4-01,CBT: The Most Supported School-Based Counseling Approach,4,100,1,Y,
MBH-03,Intervention Models,purpose-confusion,3,MOD-D4-01,CBT: The Most Supported School-Based Counseling Approach,4,67,2,Y,
MBH-04,Psychopathology,label-retrieval,3,MOD-D4-09,,4,67,2,Y,
MBH-05,Biological Bases,label-retrieval,3,MOD-D4-06,,3,100,1,Y,
MBH-05,Biological Bases,developmental-stage-mismatch,3,MOD-D4-06,,3,100,1,Y,
MBH-05,Biological Bases,scope-overgeneralization,3,MOD-D4-06,,3,100,1,Y,
FAM-02,Family Advocacy,scope-undergeneralization,3,MOD-D7-01,Starting Family Collaboration: Understand Values First,3,67,2,Y,
SAF-01,Schoolwide Prevention,scope-undergeneralization,3,MOD-D5-01,PBIS: The NASP-Endorsed System-Wide Practice,3,100,1,Y,
SAF-03,Threat Assessment,tier-level-confusion,3,MOD-D6-03,Threat Assessment: Duty to Warn,2,100,1,Y,THIN
SAF-03,Threat Assessment,label-retrieval,3,MOD-D6-03,Threat Assessment: Duty to Warn,2,100,1,Y,THIN
SAF-03,Threat Assessment,model-conflation,3,MOD-D6-03,Threat Assessment: Duty to Warn,2,67,2,Y,THIN
SAF-03,Threat Assessment,overgeneralization,3,MOD-D6-03,Threat Assessment: Duty to Warn,2,100,1,Y,THIN
SAF-03,Threat Assessment,sequence-inversion,3,MOD-D6-03,Threat Assessment: Duty to Warn,2,100,1,Y,THIN
SAF-04,Crisis Response,scope-undergeneralization,3,MOD-D6-01,Crisis Prevention: The Primary Emphasis,3,100,1,Y,
SWP-02,Policy and Practice,prerequisite-skipping,3,MOD-D3-03,Grade Retention: NASP Does Not Endorse It,4,100,1,Y,
SWP-02,Policy and Practice,scope-overgeneralization,3,MOD-D3-03,Grade Retention: NASP Does Not Endorse It,4,100,1,Y,
SWP-04,Systems MTSS,tier-level-confusion,3,MOD-D5-02,RTI at the Systems Level: Not for Retention Decisions,2,33,3,Y,THIN
SWP-04,Systems MTSS,indirect-direct-confusion,3,MOD-D5-02,RTI at the Systems Level: Not for Retention Decisions,2,33,3,Y,THIN
SWP-04,Systems MTSS,role-confusion,3,MOD-D1-06,MTSS Tiers: What Belongs at Tier 1 vs. Tier 3,4,67,2,Y,
ETH-01,Ethical Problem-Solving,scope-undergeneralization,3,MOD-D10-07,,3,67,2,Y,
ETH-01,Ethical Problem-Solving,sequence-inversion,3,MOD-D10-03,Ethical Violations: Address at the Lowest Level First,3,100,1,Y,
LEG-01,FERPA,prerequisite-skipping,3,MOD-D10-04,,3,100,1,Y,
LEG-01,FERPA,model-conflation,3,MOD-D1-01,FERPA and Student Confidentiality,5,67,2,Y,
LEG-02,IDEA,scope-undergeneralization,3,MOD-D10-01,IDEA and Child Find: The Identification Mandate,4,100,1,Y,
LEG-02,IDEA,sequence-inversion,3,MOD-D10-01,IDEA and Child Find: The Identification Mandate,4,67,2,Y,
LEG-02,IDEA,population-confusion,3,MOD-D10-01,IDEA and Child Find: The Identification Mandate,4,100,1,Y,
LEG-04,Case Law,label-retrieval,3,MOD-D10-08,Major Legal Cases — Quick Reference,2,100,1,Y,THIN
RES-02,Research to Practice,component-confusion,3,MOD-D9-05,Implementation Science: Dissemination Comes First,3,100,1,Y,
RES-03,Research Design,label-retrieval,3,MOD-D9-01,Research Design Vocabulary: Experimental and Control Groups,3,100,1,Y,
CON-01,Consultation Models,indirect-direct-confusion,2,MOD-D2-01,The Nonhierarchical Collaborative Consultation Model,4,100,1,Y,
CON-01,Consultation Models,tier-level-confusion,2,MOD-D2-01,The Nonhierarchical Collaborative Consultation Model,4,100,1,Y,
CON-01,Consultation Models,population-confusion,2,MOD-D2-01,The Nonhierarchical Collaborative Consultation Model,4,100,1,Y,
CON-01,Consultation Models,purpose-confusion,2,MOD-D2-01,The Nonhierarchical Collaborative Consultation Model,4,100,1,Y,
CON-01,Consultation Models,norm-criterion-confusion,2,MOD-D2-01,The Nonhierarchical Collaborative Consultation Model,4,100,1,Y,
CON-01,Consultation Models,component-confusion,2,MOD-D2-01,The Nonhierarchical Collaborative Consultation Model,4,100,1,Y,
CON-01,Consultation Models,label-retrieval,2,MOD-D2-01,The Nonhierarchical Collaborative Consultation Model,4,100,1,Y,
CON-01,Consultation Models,scope-undergeneralization,2,MOD-D2-01,The Nonhierarchical Collaborative Consultation Model,4,100,1,Y,
CON-01,Consultation Models,prerequisite-skipping,2,MOD-D2-01,The Nonhierarchical Collaborative Consultation Model,4,100,1,Y,
CON-01,Consultation Models,sequence-inversion,2,MOD-D2-01,The Nonhierarchical Collaborative Consultation Model,4,100,1,Y,
CON-01,Consultation Models,role-confusion,2,MOD-D2-01,The Nonhierarchical Collaborative Consultation Model,4,100,1,Y,
CON-01,Consultation Models,causation-correlation,2,MOD-D2-01,The Nonhierarchical Collaborative Consultation Model,4,100,1,Y,
CON-01,Consultation Models,model-conflation,2,MOD-D2-01,The Nonhierarchical Collaborative Consultation Model,4,100,1,Y,
CON-01,Consultation Models,overgeneralization,2,MOD-D2-01,The Nonhierarchical Collaborative Consultation Model,4,100,1,Y,
DBD-01,RIOT Framework,causation-correlation,2,MOD-D9-04,RTI Data Analysis: Three Levels,3,100,1,Y,
DBD-01,RIOT Framework,treatment-assessment-confusion,2,MOD-D9-04,RTI Data Analysis: Three Levels,3,100,1,Y,
DBD-01,RIOT Framework,overgeneralization,2,MOD-D9-04,RTI Data Analysis: Three Levels,3,100,1,Y,
DBD-03,Cognitive Assessment,norm-criterion-confusion,2,MOD-D1-07,Reading Standard Scores on Cognitive Assessments,5,100,1,Y,
DBD-03,Cognitive Assessment,model-conflation,2,MOD-D1-07,Reading Standard Scores on Cognitive Assessments,5,100,1,Y,
DBD-03,Cognitive Assessment,indirect-direct-confusion,2,MOD-D1-07,Reading Standard Scores on Cognitive Assessments,5,100,1,Y,
DBD-03,Cognitive Assessment,label-retrieval,2,MOD-D1-07,Reading Standard Scores on Cognitive Assessments,5,100,1,Y,
DBD-03,Cognitive Assessment,prerequisite-skipping,2,MOD-D1-07,Reading Standard Scores on Cognitive Assessments,5,100,1,Y,
DBD-03,Cognitive Assessment,validity-reliability-confusion,2,MOD-D1-07,Reading Standard Scores on Cognitive Assessments,5,100,1,Y,
DBD-05,Processing Measures,component-confusion,2,MOD-D1-10,,4,100,1,Y,
DBD-05,Processing Measures,tier-level-confusion,2,MOD-D1-10,,4,100,1,Y,
DBD-05,Processing Measures,validity-reliability-confusion,2,MOD-D1-10,,4,100,1,Y,
DBD-05,Processing Measures,prerequisite-skipping,2,MOD-D1-10,,4,100,1,Y,
DBD-06,Behavioral Assessment,scope-undergeneralization,2,MOD-D1-04,Starting Broad: Why the BASC Comes First,4,50,2,Y,
DBD-06,Behavioral Assessment,norm-criterion-confusion,2,MOD-D4-06,,3,50,2,Y,
DBD-06,Behavioral Assessment,scope-overgeneralization,2,MOD-D1-05,Vineland Discrepancies: Rater Perception Differences,4,50,2,Y,
DBD-06,Behavioral Assessment,label-retrieval,2,MOD-D4-06,,3,100,1,Y,
DBD-06,Behavioral Assessment,validity-reliability-confusion,2,MOD-D1-04,Starting Broad: Why the BASC Comes First,4,50,2,Y,
DBD-06,Behavioral Assessment,treatment-assessment-confusion,2,MOD-D4-06,,3,50,2,Y,
DBD-06,Behavioral Assessment,prerequisite-skipping,2,MOD-D4-06,,3,50,2,Y,
DBD-06,Behavioral Assessment,purpose-confusion,2,MOD-D4-06,,3,50,2,Y,
DBD-07,FBA,treatment-assessment-confusion,2,MOD-D1-03,Functional Behavioral Assessment (FBA): Required First Step,4,100,1,Y,
DBD-07,FBA,model-conflation,2,MOD-D1-03,Functional Behavioral Assessment (FBA): Required First Step,4,100,1,Y,
DBD-07,FBA,purpose-confusion,2,MOD-D1-03,Functional Behavioral Assessment (FBA): Required First Step,4,50,2,Y,
DBD-07,FBA,sequence-inversion,2,MOD-D4-02,Negative Reinforcement vs. Punishment: The Perennial Confusion,5,50,2,Y,
DBD-07,FBA,label-retrieval,2,MOD-D4-02,Negative Reinforcement vs. Punishment: The Perennial Confusion,5,50,2,Y,
DBD-07,FBA,prerequisite-skipping,2,MOD-D4-02,Negative Reinforcement vs. Punishment: The Perennial Confusion,5,50,2,Y,
DBD-08,Progress Monitoring,scope-undergeneralization,2,MOD-D1-02,RTI Data: Universal Screening vs. Progress Monitoring,4,100,1,Y,
DBD-08,Progress Monitoring,component-confusion,2,MOD-D9-04,RTI Data Analysis: Three Levels,3,100,1,Y,
DBD-08,Progress Monitoring,label-retrieval,2,MOD-D9-04,RTI Data Analysis: Three Levels,3,50,2,Y,
DBD-08,Progress Monitoring,indirect-direct-confusion,2,MOD-D9-04,RTI Data Analysis: Three Levels,3,50,2,Y,
DBD-09,Ecological Assessment,causation-correlation,2,MOD-D8-01,Testing ELL and Diverse Students: Caution and Cultural Humility,3,100,1,Y,
DBD-09,Ecological Assessment,scope-overgeneralization,2,MOD-D8-01,Testing ELL and Diverse Students: Caution and Cultural Humility,3,100,1,Y,
DBD-09,Ecological Assessment,component-confusion,2,MOD-D8-01,Testing ELL and Diverse Students: Caution and Cultural Humility,3,100,1,Y,
DBD-09,Ecological Assessment,indirect-direct-confusion,2,MOD-D8-01,Testing ELL and Diverse Students: Caution and Cultural Humility,3,100,1,Y,
DBD-09,Ecological Assessment,label-retrieval,2,MOD-D8-01,Testing ELL and Diverse Students: Caution and Cultural Humility,3,100,1,Y,
DBD-10,Records Review,scope-undergeneralization,2,MOD-D10-04,,3,100,1,Y,
DBD-10,Records Review,model-conflation,2,MOD-D10-04,,3,100,1,Y,
DBD-10,Records Review,scope-overgeneralization,2,MOD-D10-04,,3,100,1,Y,
DBD-10,Records Review,validity-reliability-confusion,2,MOD-D10-04,,3,100,1,Y,
DBD-10,Records Review,purpose-confusion,2,MOD-D10-04,,3,100,1,Y,
PSY-01,Score Interpretation,label-retrieval,2,MOD-D1-07,Reading Standard Scores on Cognitive Assessments,5,50,2,Y,
PSY-01,Score Interpretation,tier-level-confusion,2,MOD-D9-02,Correlations: Negative Can Be Stronger Than Positive,3,100,1,Y,
PSY-01,Score Interpretation,scope-undergeneralization,2,MOD-D9-02,Correlations: Negative Can Be Stronger Than Positive,3,100,1,Y,
PSY-01,Score Interpretation,prerequisite-skipping,2,MOD-D9-02,Correlations: Negative Can Be Stronger Than Positive,3,100,1,Y,
PSY-01,Score Interpretation,model-conflation,2,MOD-D9-02,Correlations: Negative Can Be Stronger Than Positive,3,100,1,Y,
PSY-01,Score Interpretation,norm-criterion-confusion,2,MOD-D9-02,Correlations: Negative Can Be Stronger Than Positive,3,100,1,Y,
PSY-02,Reliability and Validity,label-retrieval,2,MOD-D9-03,Validity vs. Reliability: A Critical Distinction,4,100,1,Y,
PSY-02,Reliability and Validity,scope-undergeneralization,2,MOD-D9-03,Validity vs. Reliability: A Critical Distinction,4,100,1,Y,
PSY-02,Reliability and Validity,purpose-confusion,2,MOD-D9-03,Validity vs. Reliability: A Critical Distinction,4,100,1,Y,
PSY-02,Reliability and Validity,model-conflation,2,MOD-D9-03,Validity vs. Reliability: A Critical Distinction,4,100,1,Y,
PSY-02,Reliability and Validity,tier-level-confusion,2,MOD-D9-03,Validity vs. Reliability: A Critical Distinction,4,100,1,Y,
PSY-02,Reliability and Validity,norm-criterion-confusion,2,MOD-D9-03,Validity vs. Reliability: A Critical Distinction,4,50,2,Y,
PSY-03,MTSS in Assessment,indirect-direct-confusion,2,MOD-D5-02,RTI at the Systems Level: Not for Retention Decisions,2,100,1,Y,THIN
PSY-03,MTSS in Assessment,prerequisite-skipping,2,MOD-D5-02,RTI at the Systems Level: Not for Retention Decisions,2,100,1,Y,THIN
PSY-03,MTSS in Assessment,treatment-assessment-confusion,2,MOD-D5-02,RTI at the Systems Level: Not for Retention Decisions,2,100,1,Y,THIN
PSY-03,MTSS in Assessment,eligibility-criteria-confusion,2,MOD-D5-02,RTI at the Systems Level: Not for Retention Decisions,2,50,2,Y,THIN
PSY-03,MTSS in Assessment,role-confusion,2,MOD-D5-02,RTI at the Systems Level: Not for Retention Decisions,2,100,1,Y,THIN
PSY-04,CLD Assessment,causation-correlation,2,MOD-D8-01,Testing ELL and Diverse Students: Caution and Cultural Humility,3,100,1,Y,
PSY-04,CLD Assessment,scope-undergeneralization,2,MOD-D8-01,Testing ELL and Diverse Students: Caution and Cultural Humility,3,100,1,Y,
ACA-02,Accommodations,purpose-confusion,2,MOD-D3-04,,4,100,1,Y,
ACA-02,Accommodations,scope-overgeneralization,2,MOD-D3-04,,4,100,1,Y,
ACA-02,Accommodations,scope-undergeneralization,2,MOD-D3-04,,4,100,1,Y,
ACA-02,Accommodations,indirect-direct-confusion,2,MOD-D3-04,,4,100,1,Y,
ACA-02,Accommodations,overgeneralization,2,MOD-D3-04,,4,100,1,Y,
ACA-02,Accommodations,prerequisite-skipping,2,MOD-D3-04,,4,100,1,Y,
ACA-03,Study Skills,model-conflation,2,MOD-D3-06,Chunking: The Memory Strategy for Long Lists,4,100,1,Y,
ACA-03,Study Skills,sequence-inversion,2,MOD-D3-06,Chunking: The Memory Strategy for Long Lists,4,100,1,Y,
ACA-03,Study Skills,component-confusion,2,MOD-D3-06,Chunking: The Memory Strategy for Long Lists,4,100,1,Y,
ACA-03,Study Skills,label-retrieval,2,MOD-D3-06,Chunking: The Memory Strategy for Long Lists,4,100,1,Y,
ACA-03,Study Skills,scope-undergeneralization,2,MOD-D3-06,Chunking: The Memory Strategy for Long Lists,4,100,1,Y,
ACA-03,Study Skills,treatment-assessment-confusion,2,MOD-D3-06,Chunking: The Memory Strategy for Long Lists,4,100,1,Y,
ACA-04,Instructional Strategies,sequence-inversion,2,MOD-D3-01,Evidence-Based Teaching: Explicit and Systematic Instruction,4,100,1,Y,
ACA-04,Instructional Strategies,label-retrieval,2,MOD-D3-01,Evidence-Based Teaching: Explicit and Systematic Instruction,4,100,1,Y,
ACA-04,Instructional Strategies,purpose-confusion,2,MOD-D3-01,Evidence-Based Teaching: Explicit and Systematic Instruction,4,100,1,Y,
ACA-04,Instructional Strategies,indirect-direct-confusion,2,MOD-D3-01,Evidence-Based Teaching: Explicit and Systematic Instruction,4,100,1,Y,
ACA-04,Instructional Strategies,model-conflation,2,MOD-D3-01,Evidence-Based Teaching: Explicit and Systematic Instruction,4,100,1,Y,
ACA-04,Instructional Strategies,scope-overgeneralization,2,MOD-D3-01,Evidence-Based Teaching: Explicit and Systematic Instruction,4,100,1,Y,
ACA-04,Instructional Strategies,causation-correlation,2,MOD-D3-01,Evidence-Based Teaching: Explicit and Systematic Instruction,4,100,1,Y,
ACA-04,Instructional Strategies,scope-undergeneralization,2,MOD-D3-01,Evidence-Based Teaching: Explicit and Systematic Instruction,4,100,1,Y,
ACA-06,Learning Theory,scope-undergeneralization,2,MOD-D4-02,Negative Reinforcement vs. Punishment: The Perennial Confusion,5,100,1,Y,
ACA-06,Learning Theory,developmental-stage-mismatch,2,MOD-D4-02,Negative Reinforcement vs. Punishment: The Perennial Confusion,5,100,1,Y,
ACA-06,Learning Theory,component-confusion,2,MOD-D4-02,Negative Reinforcement vs. Punishment: The Perennial Confusion,5,50,2,Y,
ACA-06,Learning Theory,purpose-confusion,2,MOD-D4-02,Negative Reinforcement vs. Punishment: The Perennial Confusion,5,50,2,Y,
ACA-06,Learning Theory,scope-overgeneralization,2,MOD-D4-02,Negative Reinforcement vs. Punishment: The Perennial Confusion,5,100,1,Y,
ACA-07,Language and Literacy,scope-undergeneralization,2,MOD-D3-02,Reading Programs: Phonological Processing Comes First,4,100,1,Y,
ACA-07,Language and Literacy,tier-level-confusion,2,MOD-D3-02,Reading Programs: Phonological Processing Comes First,4,100,1,Y,
ACA-07,Language and Literacy,prerequisite-skipping,2,MOD-D3-02,Reading Programs: Phonological Processing Comes First,4,100,1,Y,
ACA-07,Language and Literacy,purpose-confusion,2,MOD-D3-02,Reading Programs: Phonological Processing Comes First,4,100,1,Y,
ACA-07,Language and Literacy,scope-overgeneralization,2,MOD-D3-02,Reading Programs: Phonological Processing Comes First,4,100,1,Y,
ACA-08,Executive Function,model-conflation,2,MOD-D4-06,,3,50,2,Y,
ACA-08,Executive Function,overgeneralization,2,MOD-D4-06,,3,50,2,Y,
ACA-08,Executive Function,component-confusion,2,MOD-D1-10,,4,100,1,Y,
ACA-08,Executive Function,label-retrieval,2,MOD-D1-10,,4,100,1,Y,
ACA-08,Executive Function,scope-overgeneralization,2,MOD-D1-10,,4,100,1,Y,
ACA-08,Executive Function,developmental-stage-mismatch,2,MOD-D1-10,,4,100,1,Y,
ACA-08,Executive Function,scope-undergeneralization,2,MOD-D1-10,,4,100,1,Y,
ACA-09,Health Impact,developmental-stage-mismatch,2,MOD-D4-06,,3,100,1,Y,
ACA-09,Health Impact,model-conflation,2,MOD-D4-06,,3,50,2,Y,
ACA-09,Health Impact,scope-undergeneralization,2,MOD-D8-04,Intellectual Disability Evaluation: WISC + Vineland Required,3,100,1,Y,
ACA-09,Health Impact,eligibility-criteria-confusion,2,MOD-D8-04,Intellectual Disability Evaluation: WISC + Vineland Required,3,100,1,Y,
DEV-01,Development,tier-level-confusion,2,MOD-D4-09,,4,100,1,Y,
DEV-01,Development,scope-overgeneralization,2,MOD-D4-09,,4,100,1,Y,
DEV-01,Development,component-confusion,2,MOD-D4-09,,4,100,1,Y,
DEV-01,Development,sequence-inversion,2,MOD-D4-09,,4,100,1,Y,
DEV-01,Development,model-conflation,2,MOD-D4-09,,4,100,1,Y,
MBH-02,Counseling Supports,tier-level-confusion,2,MOD-D4-01,CBT: The Most Supported School-Based Counseling Approach,4,100,1,Y,
MBH-02,Counseling Supports,model-conflation,2,MOD-D4-01,CBT: The Most Supported School-Based Counseling Approach,4,100,1,Y,
MBH-02,Counseling Supports,sequence-inversion,2,MOD-D4-01,CBT: The Most Supported School-Based Counseling Approach,4,100,1,Y,
MBH-03,Intervention Models,indirect-direct-confusion,2,MOD-D4-01,CBT: The Most Supported School-Based Counseling Approach,4,50,2,Y,
MBH-03,Intervention Models,role-confusion,2,MOD-D4-02,Negative Reinforcement vs. Punishment: The Perennial Confusion,5,50,2,Y,
MBH-03,Intervention Models,prerequisite-skipping,2,MOD-D4-02,Negative Reinforcement vs. Punishment: The Perennial Confusion,5,50,2,Y,
MBH-04,Psychopathology,population-confusion,2,MOD-D4-05,"Bullying: An Abuse of Power, Not Just Aggression",4,100,1,Y,
MBH-04,Psychopathology,treatment-assessment-confusion,2,MOD-D4-05,"Bullying: An Abuse of Power, Not Just Aggression",4,100,1,Y,
MBH-04,Psychopathology,scope-overgeneralization,2,MOD-D4-05,"Bullying: An Abuse of Power, Not Just Aggression",4,100,1,Y,
MBH-04,Psychopathology,prerequisite-skipping,2,MOD-D4-05,"Bullying: An Abuse of Power, Not Just Aggression",4,100,1,Y,
MBH-04,Psychopathology,component-confusion,2,MOD-D4-05,"Bullying: An Abuse of Power, Not Just Aggression",4,100,1,Y,
MBH-04,Psychopathology,developmental-stage-mismatch,2,MOD-D4-05,"Bullying: An Abuse of Power, Not Just Aggression",4,100,1,Y,
MBH-05,Biological Bases,model-conflation,2,MOD-D4-06,,3,100,1,Y,
MBH-05,Biological Bases,component-confusion,2,MOD-D4-06,,3,100,1,Y,
MBH-05,Biological Bases,purpose-confusion,2,MOD-D4-06,,3,100,1,Y,
MBH-05,Biological Bases,scope-undergeneralization,2,MOD-D4-06,,3,100,1,Y,
MBH-05,Biological Bases,role-confusion,2,MOD-D4-06,,3,100,1,Y,
MBH-05,Biological Bases,tier-level-confusion,2,MOD-D4-06,,3,100,1,Y,
FAM-02,Family Advocacy,consent-confidentiality-confusion,2,MOD-D7-02,Mandated Reporting: Your Personal Duty Cannot Be Delegated,3,50,2,Y,
FAM-02,Family Advocacy,model-conflation,2,MOD-D7-01,Starting Family Collaboration: Understand Values First,3,100,1,Y,
FAM-02,Family Advocacy,scope-overgeneralization,2,MOD-D7-01,Starting Family Collaboration: Understand Values First,3,100,1,Y,
FAM-03,Interagency Collaboration,role-confusion,2,MOD-D2-04,Systemic Drug Prevention: Community Coalition Over Classroom Talks,4,100,1,Y,
FAM-03,Interagency Collaboration,indirect-direct-confusion,2,MOD-D2-04,Systemic Drug Prevention: Community Coalition Over Classroom Talks,4,100,1,Y,
FAM-03,Interagency Collaboration,model-conflation,2,MOD-D2-04,Systemic Drug Prevention: Community Coalition Over Classroom Talks,4,100,1,Y,
FAM-03,Interagency Collaboration,consent-confidentiality-confusion,2,MOD-D2-04,Systemic Drug Prevention: Community Coalition Over Classroom Talks,4,100,1,Y,
SAF-01,Schoolwide Prevention,eligibility-criteria-confusion,2,MOD-D5-01,PBIS: The NASP-Endorsed System-Wide Practice,3,50,2,Y,
SAF-01,Schoolwide Prevention,indirect-direct-confusion,2,MOD-D5-01,PBIS: The NASP-Endorsed System-Wide Practice,3,100,1,Y,
SAF-01,Schoolwide Prevention,label-retrieval,2,MOD-D5-01,PBIS: The NASP-Endorsed System-Wide Practice,3,100,1,Y,
SAF-01,Schoolwide Prevention,sequence-inversion,2,MOD-D5-01,PBIS: The NASP-Endorsed System-Wide Practice,3,100,1,Y,
SAF-01,Schoolwide Prevention,treatment-assessment-confusion,2,MOD-D5-01,PBIS: The NASP-Endorsed System-Wide Practice,3,100,1,Y,
SAF-01,Schoolwide Prevention,model-conflation,2,MOD-D5-01,PBIS: The NASP-Endorsed System-Wide Practice,3,100,1,Y,
SAF-01,Schoolwide Prevention,validity-reliability-confusion,2,MOD-D5-01,PBIS: The NASP-Endorsed System-Wide Practice,3,100,1,Y,
SAF-03,Threat Assessment,purpose-confusion,2,MOD-D6-03,Threat Assessment: Duty to Warn,2,100,1,Y,THIN
SAF-03,Threat Assessment,component-confusion,2,MOD-D6-03,Threat Assessment: Duty to Warn,2,100,1,Y,THIN
SAF-03,Threat Assessment,role-confusion,2,MOD-D6-03,Threat Assessment: Duty to Warn,2,100,1,Y,THIN
SAF-03,Threat Assessment,prerequisite-skipping,2,MOD-D6-03,Threat Assessment: Duty to Warn,2,100,1,Y,THIN
SAF-04,Crisis Response,label-retrieval,2,MOD-D6-01,Crisis Prevention: The Primary Emphasis,3,100,1,Y,
SAF-04,Crisis Response,sequence-inversion,2,MOD-D6-01,Crisis Prevention: The Primary Emphasis,3,100,1,Y,
SAF-04,Crisis Response,purpose-confusion,2,MOD-D6-01,Crisis Prevention: The Primary Emphasis,3,100,1,Y,
SAF-04,Crisis Response,indirect-direct-confusion,2,MOD-D6-01,Crisis Prevention: The Primary Emphasis,3,100,1,Y,
SAF-04,Crisis Response,overgeneralization,2,MOD-D6-01,Crisis Prevention: The Primary Emphasis,3,100,1,Y,
SAF-04,Crisis Response,developmental-stage-mismatch,2,MOD-D6-01,Crisis Prevention: The Primary Emphasis,3,100,1,Y,
SAF-04,Crisis Response,prerequisite-skipping,2,MOD-D6-01,Crisis Prevention: The Primary Emphasis,3,100,1,Y,
SWP-02,Policy and Practice,model-conflation,2,MOD-D3-03,Grade Retention: NASP Does Not Endorse It,4,100,1,Y,
SWP-02,Policy and Practice,treatment-assessment-confusion,2,MOD-D3-03,Grade Retention: NASP Does Not Endorse It,4,100,1,Y,
SWP-02,Policy and Practice,component-confusion,2,MOD-D3-03,Grade Retention: NASP Does Not Endorse It,4,100,1,Y,
SWP-02,Policy and Practice,eligibility-criteria-confusion,2,MOD-D3-03,Grade Retention: NASP Does Not Endorse It,4,100,1,Y,
SWP-03,Schoolwide Practices,label-retrieval,2,MOD-D5-01,PBIS: The NASP-Endorsed System-Wide Practice,3,50,2,Y,
SWP-03,Schoolwide Practices,purpose-confusion,2,MOD-D5-01,PBIS: The NASP-Endorsed System-Wide Practice,3,100,1,Y,
SWP-03,Schoolwide Practices,sequence-inversion,2,MOD-D5-01,PBIS: The NASP-Endorsed System-Wide Practice,3,100,1,Y,
SWP-03,Schoolwide Practices,component-confusion,2,MOD-D5-01,PBIS: The NASP-Endorsed System-Wide Practice,3,100,1,Y,
SWP-03,Schoolwide Practices,scope-undergeneralization,2,MOD-D5-01,PBIS: The NASP-Endorsed System-Wide Practice,3,100,1,Y,
SWP-03,Schoolwide Practices,causation-correlation,2,MOD-D5-01,PBIS: The NASP-Endorsed System-Wide Practice,3,50,2,Y,
SWP-04,Systems MTSS,component-confusion,2,MOD-D5-02,RTI at the Systems Level: Not for Retention Decisions,2,50,2,Y,THIN
SWP-04,Systems MTSS,prerequisite-skipping,2,MOD-D5-02,RTI at the Systems Level: Not for Retention Decisions,2,50,2,Y,THIN
SWP-04,Systems MTSS,model-conflation,2,MOD-D5-02,RTI at the Systems Level: Not for Retention Decisions,2,50,2,Y,THIN
SWP-04,Systems MTSS,scope-undergeneralization,2,MOD-D1-06,MTSS Tiers: What Belongs at Tier 1 vs. Tier 3,4,50,2,Y,
SWP-04,Systems MTSS,scope-overgeneralization,2,MOD-D1-06,MTSS Tiers: What Belongs at Tier 1 vs. Tier 3,4,100,1,Y,
SWP-04,Systems MTSS,purpose-confusion,2,MOD-D1-06,MTSS Tiers: What Belongs at Tier 1 vs. Tier 3,4,50,2,Y,
DIV-01,Cultural Factors,overgeneralization,2,MOD-D8-03,Systemic Racism and Disproportionality: Know the Vocabulary,3,100,1,Y,
DIV-01,Cultural Factors,role-confusion,2,MOD-D8-03,Systemic Racism and Disproportionality: Know the Vocabulary,3,100,1,Y,
DIV-03,Bias in Decisions,scope-undergeneralization,2,MOD-D5-04,Disproportionality: Group Membership and Unequal Outcomes,3,100,1,Y,
DIV-03,Bias in Decisions,label-retrieval,2,MOD-D8-03,Systemic Racism and Disproportionality: Know the Vocabulary,3,50,2,Y,
DIV-03,Bias in Decisions,scope-overgeneralization,2,MOD-D8-03,Systemic Racism and Disproportionality: Know the Vocabulary,3,50,2,Y,
DIV-03,Bias in Decisions,population-confusion,2,MOD-D8-03,Systemic Racism and Disproportionality: Know the Vocabulary,3,50,2,Y,
DIV-03,Bias in Decisions,component-confusion,2,MOD-D5-04,Disproportionality: Group Membership and Unequal Outcomes,3,100,1,Y,
DIV-03,Bias in Decisions,sequence-inversion,2,MOD-D5-04,Disproportionality: Group Membership and Unequal Outcomes,3,100,1,Y,
DIV-03,Bias in Decisions,validity-reliability-confusion,2,MOD-D5-04,Disproportionality: Group Membership and Unequal Outcomes,3,100,1,Y,
DIV-03,Bias in Decisions,model-conflation,2,MOD-D5-04,Disproportionality: Group Membership and Unequal Outcomes,3,100,1,Y,
ETH-01,Ethical Problem-Solving,purpose-confusion,2,MOD-D10-07,,3,50,2,Y,
ETH-01,Ethical Problem-Solving,norm-criterion-confusion,2,MOD-D10-07,,3,50,2,Y,
ETH-01,Ethical Problem-Solving,population-confusion,2,MOD-D10-07,,3,50,2,Y,
ETH-01,Ethical Problem-Solving,component-confusion,2,MOD-D10-07,,3,100,1,Y,
ETH-01,Ethical Problem-Solving,validity-reliability-confusion,2,MOD-D10-07,,3,50,2,Y,
ETH-01,Ethical Problem-Solving,prerequisite-skipping,2,MOD-D10-07,,3,50,2,Y,
ETH-01,Ethical Problem-Solving,role-confusion,2,MOD-D10-07,,3,50,2,Y,
ETH-01,Ethical Problem-Solving,treatment-assessment-confusion,2,MOD-D10-07,,3,50,2,Y,
ETH-01,Ethical Problem-Solving,indirect-direct-confusion,2,MOD-D10-07,,3,50,2,Y,
ETH-01,Ethical Problem-Solving,scope-overgeneralization,2,MOD-D10-07,,3,50,2,Y,
ETH-02,Liability and Supervision,prerequisite-skipping,2,MOD-D10-07,,3,50,2,Y,
ETH-02,Liability and Supervision,tier-level-confusion,2,MOD-D10-07,,3,50,2,Y,
ETH-02,Liability and Supervision,indirect-direct-confusion,2,MOD-D10-07,,3,50,2,Y,
ETH-02,Liability and Supervision,label-retrieval,2,MOD-D10-07,,3,50,2,Y,
ETH-02,Liability and Supervision,scope-undergeneralization,2,MOD-D10-03,Ethical Violations: Address at the Lowest Level First,3,100,1,Y,
ETH-02,Liability and Supervision,role-confusion,2,MOD-D10-03,Ethical Violations: Address at the Lowest Level First,3,100,1,Y,
ETH-03,Advocacy and Growth,scope-overgeneralization,2,MOD-D10-07,,3,100,1,Y,
ETH-03,Advocacy and Growth,scope-undergeneralization,2,MOD-D10-07,,3,100,1,Y,
ETH-03,Advocacy and Growth,model-conflation,2,MOD-D10-07,,3,100,1,Y,
ETH-03,Advocacy and Growth,indirect-direct-confusion,2,MOD-D10-07,,3,100,1,Y,
ETH-03,Advocacy and Growth,eligibility-criteria-confusion,2,MOD-D10-07,,3,100,1,Y,
ETH-03,Advocacy and Growth,role-confusion,2,MOD-D10-07,,3,100,1,Y,
LEG-01,FERPA,label-retrieval,2,MOD-D10-04,,3,50,2,Y,
LEG-02,IDEA,model-conflation,2,MOD-D10-01,IDEA and Child Find: The Identification Mandate,4,100,1,Y,
LEG-02,IDEA,label-retrieval,2,MOD-D10-01,IDEA and Child Find: The Identification Mandate,4,100,1,Y,
LEG-02,IDEA,consent-confidentiality-confusion,2,MOD-D10-01,IDEA and Child Find: The Identification Mandate,4,100,1,Y,
LEG-02,IDEA,prerequisite-skipping,2,MOD-D10-01,IDEA and Child Find: The Identification Mandate,4,100,1,Y,
LEG-02,IDEA,component-confusion,2,MOD-D10-01,IDEA and Child Find: The Identification Mandate,4,100,1,Y,
LEG-02,IDEA,validity-reliability-confusion,2,MOD-D10-01,IDEA and Child Find: The Identification Mandate,4,100,1,Y,
LEG-03,Section 504 and ADA,developmental-stage-mismatch,2,MOD-D10-01,IDEA and Child Find: The Identification Mandate,4,100,1,Y,
LEG-03,Section 504 and ADA,component-confusion,2,MOD-D10-01,IDEA and Child Find: The Identification Mandate,4,100,1,Y,
LEG-03,Section 504 and ADA,role-confusion,2,MOD-D10-01,IDEA and Child Find: The Identification Mandate,4,100,1,Y,
LEG-03,Section 504 and ADA,purpose-confusion,2,MOD-D10-01,IDEA and Child Find: The Identification Mandate,4,100,1,Y,
LEG-03,Section 504 and ADA,tier-level-confusion,2,MOD-D10-01,IDEA and Child Find: The Identification Mandate,4,100,1,Y,
LEG-03,Section 504 and ADA,scope-undergeneralization,2,MOD-D10-01,IDEA and Child Find: The Identification Mandate,4,100,1,Y,
LEG-04,Case Law,component-confusion,2,MOD-D10-08,Major Legal Cases — Quick Reference,2,100,1,Y,THIN
LEG-04,Case Law,scope-undergeneralization,2,MOD-D10-08,Major Legal Cases — Quick Reference,2,100,1,Y,THIN
LEG-04,Case Law,indirect-direct-confusion,2,MOD-D10-08,Major Legal Cases — Quick Reference,2,100,1,Y,THIN
LEG-04,Case Law,sequence-inversion,2,MOD-D10-08,Major Legal Cases — Quick Reference,2,100,1,Y,THIN
LEG-04,Case Law,eligibility-criteria-confusion,2,MOD-D10-08,Major Legal Cases — Quick Reference,2,100,1,Y,THIN
RES-02,Research to Practice,model-conflation,2,MOD-D9-05,Implementation Science: Dissemination Comes First,3,100,1,Y,
RES-02,Research to Practice,purpose-confusion,2,MOD-D9-05,Implementation Science: Dissemination Comes First,3,100,1,Y,
RES-02,Research to Practice,scope-overgeneralization,2,MOD-D9-05,Implementation Science: Dissemination Comes First,3,100,1,Y,
RES-02,Research to Practice,indirect-direct-confusion,2,MOD-D9-05,Implementation Science: Dissemination Comes First,3,100,1,Y,
RES-02,Research to Practice,validity-reliability-confusion,2,MOD-D9-05,Implementation Science: Dissemination Comes First,3,100,1,Y,
RES-03,Research Design,model-conflation,2,MOD-D9-01,Research Design Vocabulary: Experimental and Control Groups,3,100,1,Y,
RES-03,Research Design,component-confusion,2,MOD-D9-01,Research Design Vocabulary: Experimental and Control Groups,3,100,1,Y,
RES-03,Research Design,norm-criterion-confusion,2,MOD-D9-01,Research Design Vocabulary: Experimental and Control Groups,3,100,1,Y,
RES-03,Research Design,causation-correlation,2,MOD-D9-01,Research Design Vocabulary: Experimental and Control Groups,3,100,1,Y,
SWP-04,Systems MTSS,label-retrieval,2,MOD-D5-04,Disproportionality: Group Membership and Unequal Outcomes,3,50,2,Y,
SAF-03,Threat Assessment,consent-confidentiality-confusion,2,MOD-D6-03,Threat Assessment: Duty to Warn,2,100,1,Y,THIN
LEG-02,IDEA,treatment-assessment-confusion,2,MOD-D10-01,IDEA and Child Find: The Identification Mandate,4,100,1,Y,
DBD-03,Cognitive Assessment,tier-level-confusion,2,MOD-D1-07,Reading Standard Scores on Cognitive Assessments,5,100,1,Y,
MBH-03,Intervention Models,norm-criterion-confusion,2,MOD-D4-01,CBT: The Most Supported School-Based Counseling Approach,4,50,2,Y,
LEG-02,IDEA,norm-criterion-confusion,2,MOD-D10-01,IDEA and Child Find: The Identification Mandate,4,100,1,Y,
CON-01,Consultation Models,treatment-assessment-confusion,1,MOD-D2-01,The Nonhierarchical Collaborative Consultation Model,4,100,1,Y,
CON-01,Consultation Models,scope-overgeneralization,1,MOD-D2-01,The Nonhierarchical Collaborative Consultation Model,4,100,1,Y,
CON-01,Consultation Models,consent-confidentiality-confusion,1,MOD-D2-01,The Nonhierarchical Collaborative Consultation Model,4,100,1,Y,
CON-01,Consultation Models,validity-reliability-confusion,1,MOD-D2-01,The Nonhierarchical Collaborative Consultation Model,4,100,1,Y,
CON-01,Consultation Models,developmental-stage-mismatch,1,MOD-D2-01,The Nonhierarchical Collaborative Consultation Model,4,100,1,Y,
DBD-01,RIOT Framework,tier-level-confusion,1,MOD-D9-04,RTI Data Analysis: Three Levels,3,100,1,Y,
DBD-01,RIOT Framework,role-confusion,1,MOD-D9-04,RTI Data Analysis: Three Levels,3,100,1,Y,
DBD-01,RIOT Framework,eligibility-criteria-confusion,1,MOD-D9-04,RTI Data Analysis: Three Levels,3,100,1,Y,
DBD-01,RIOT Framework,validity-reliability-confusion,1,MOD-D9-04,RTI Data Analysis: Three Levels,3,100,1,Y,
DBD-03,Cognitive Assessment,developmental-stage-mismatch,1,MOD-D1-07,Reading Standard Scores on Cognitive Assessments,5,100,1,Y,
DBD-03,Cognitive Assessment,role-confusion,1,MOD-D1-07,Reading Standard Scores on Cognitive Assessments,5,100,1,Y,
DBD-03,Cognitive Assessment,eligibility-criteria-confusion,1,MOD-D1-07,Reading Standard Scores on Cognitive Assessments,5,100,1,Y,
DBD-03,Cognitive Assessment,population-confusion,1,MOD-D1-07,Reading Standard Scores on Cognitive Assessments,5,100,1,Y,
DBD-03,Cognitive Assessment,treatment-assessment-confusion,1,MOD-D1-11,Matrices Subtests = Nonverbal / Fluid Reasoning,4,100,1,Y,
DBD-03,Cognitive Assessment,purpose-confusion,1,MOD-D1-07,Reading Standard Scores on Cognitive Assessments,5,100,1,Y,
DBD-03,Cognitive Assessment,causation-correlation,1,MOD-D1-07,Reading Standard Scores on Cognitive Assessments,5,100,1,Y,
DBD-05,Processing Measures,label-retrieval,1,MOD-D1-10,,4,100,1,Y,
DBD-05,Processing Measures,scope-overgeneralization,1,MOD-D1-10,,4,100,1,Y,
DBD-05,Processing Measures,model-conflation,1,MOD-D1-10,,4,100,1,Y,
DBD-05,Processing Measures,treatment-assessment-confusion,1,MOD-D1-10,,4,100,1,Y,
DBD-05,Processing Measures,consent-confidentiality-confusion,1,MOD-D1-10,,4,100,1,Y,
DBD-05,Processing Measures,sequence-inversion,1,MOD-D1-10,,4,100,1,Y,
DBD-05,Processing Measures,scope-undergeneralization,1,MOD-D1-10,,4,100,1,Y,
DBD-05,Processing Measures,norm-criterion-confusion,1,MOD-D1-10,,4,100,1,Y,
DBD-05,Processing Measures,population-confusion,1,MOD-D1-10,,4,100,1,Y,
DBD-05,Processing Measures,causation-correlation,1,MOD-D1-10,,4,100,1,Y,
DBD-06,Behavioral Assessment,indirect-direct-confusion,1,MOD-D4-06,,3,100,1,Y,
DBD-06,Behavioral Assessment,overgeneralization,1,MOD-D4-06,,3,100,1,Y,
DBD-06,Behavioral Assessment,eligibility-criteria-confusion,1,MOD-D1-05,Vineland Discrepancies: Rater Perception Differences,4,100,1,Y,
DBD-06,Behavioral Assessment,component-confusion,1,MOD-D4-06,,3,100,1,Y,
DBD-06,Behavioral Assessment,developmental-stage-mismatch,1,MOD-D4-06,,3,100,1,Y,
DBD-07,FBA,population-confusion,1,MOD-D4-02,Negative Reinforcement vs. Punishment: The Perennial Confusion,5,100,1,Y,
DBD-07,FBA,eligibility-criteria-confusion,1,MOD-D4-02,Negative Reinforcement vs. Punishment: The Perennial Confusion,5,100,1,Y,
DBD-07,FBA,causation-correlation,1,MOD-D4-02,Negative Reinforcement vs. Punishment: The Perennial Confusion,5,100,1,Y,
DBD-07,FBA,developmental-stage-mismatch,1,MOD-D4-02,Negative Reinforcement vs. Punishment: The Perennial Confusion,5,100,1,Y,
DBD-07,FBA,tier-level-confusion,1,MOD-D4-02,Negative Reinforcement vs. Punishment: The Perennial Confusion,5,100,1,Y,
DBD-07,FBA,norm-criterion-confusion,1,MOD-D1-03,Functional Behavioral Assessment (FBA): Required First Step,4,100,1,Y,
DBD-07,FBA,scope-overgeneralization,1,MOD-D1-03,Functional Behavioral Assessment (FBA): Required First Step,4,100,1,Y,
DBD-07,FBA,component-confusion,1,MOD-D4-02,Negative Reinforcement vs. Punishment: The Perennial Confusion,5,100,1,Y,
DBD-07,FBA,indirect-direct-confusion,1,MOD-D4-02,Negative Reinforcement vs. Punishment: The Perennial Confusion,5,100,1,Y,
DBD-07,FBA,role-confusion,1,MOD-D1-03,Functional Behavioral Assessment (FBA): Required First Step,4,100,1,Y,
DBD-07,FBA,validity-reliability-confusion,1,MOD-D4-02,Negative Reinforcement vs. Punishment: The Perennial Confusion,5,100,1,Y,
DBD-08,Progress Monitoring,model-conflation,1,MOD-D9-04,RTI Data Analysis: Three Levels,3,100,1,Y,
DBD-08,Progress Monitoring,prerequisite-skipping,1,MOD-D9-04,RTI Data Analysis: Three Levels,3,100,1,Y,
DBD-08,Progress Monitoring,role-confusion,1,MOD-D9-04,RTI Data Analysis: Three Levels,3,100,1,Y,
DBD-08,Progress Monitoring,causation-correlation,1,MOD-D9-04,RTI Data Analysis: Three Levels,3,100,1,Y,
DBD-08,Progress Monitoring,treatment-assessment-confusion,1,MOD-D9-04,RTI Data Analysis: Three Levels,3,100,1,Y,
DBD-08,Progress Monitoring,eligibility-criteria-confusion,1,MOD-D1-02,RTI Data: Universal Screening vs. Progress Monitoring,4,100,1,Y,
DBD-08,Progress Monitoring,consent-confidentiality-confusion,1,MOD-D9-04,RTI Data Analysis: Three Levels,3,100,1,Y,
DBD-08,Progress Monitoring,sequence-inversion,1,MOD-D9-04,RTI Data Analysis: Three Levels,3,100,1,Y,
DBD-08,Progress Monitoring,scope-overgeneralization,1,MOD-D9-04,RTI Data Analysis: Three Levels,3,100,1,Y,
DBD-08,Progress Monitoring,validity-reliability-confusion,1,MOD-D9-04,RTI Data Analysis: Three Levels,3,100,1,Y,
DBD-08,Progress Monitoring,purpose-confusion,1,MOD-D9-04,RTI Data Analysis: Three Levels,3,100,1,Y,
DBD-08,Progress Monitoring,overgeneralization,1,MOD-D9-04,RTI Data Analysis: Three Levels,3,100,1,Y,
DBD-08,Progress Monitoring,tier-level-confusion,1,MOD-D9-04,RTI Data Analysis: Three Levels,3,100,1,Y,
DBD-08,Progress Monitoring,population-confusion,1,MOD-D9-04,RTI Data Analysis: Three Levels,3,100,1,Y,
DBD-08,Progress Monitoring,norm-criterion-confusion,1,MOD-D9-04,RTI Data Analysis: Three Levels,3,100,1,Y,
DBD-09,Ecological Assessment,tier-level-confusion,1,MOD-D8-01,Testing ELL and Diverse Students: Caution and Cultural Humility,3,100,1,Y,
DBD-09,Ecological Assessment,population-confusion,1,MOD-D8-01,Testing ELL and Diverse Students: Caution and Cultural Humility,3,100,1,Y,
DBD-09,Ecological Assessment,sequence-inversion,1,MOD-D8-01,Testing ELL and Diverse Students: Caution and Cultural Humility,3,100,1,Y,
DBD-09,Ecological Assessment,role-confusion,1,MOD-D8-01,Testing ELL and Diverse Students: Caution and Cultural Humility,3,100,1,Y,
DBD-09,Ecological Assessment,validity-reliability-confusion,1,MOD-D8-01,Testing ELL and Diverse Students: Caution and Cultural Humility,3,100,1,Y,
DBD-09,Ecological Assessment,eligibility-criteria-confusion,1,MOD-D8-01,Testing ELL and Diverse Students: Caution and Cultural Humility,3,100,1,Y,
DBD-09,Ecological Assessment,prerequisite-skipping,1,MOD-D8-01,Testing ELL and Diverse Students: Caution and Cultural Humility,3,100,1,Y,
DBD-09,Ecological Assessment,purpose-confusion,1,MOD-D8-01,Testing ELL and Diverse Students: Caution and Cultural Humility,3,100,1,Y,
DBD-09,Ecological Assessment,treatment-assessment-confusion,1,MOD-D8-01,Testing ELL and Diverse Students: Caution and Cultural Humility,3,100,1,Y,
DBD-10,Records Review,component-confusion,1,MOD-D10-04,,3,100,1,Y,
DBD-10,Records Review,sequence-inversion,1,MOD-D10-04,,3,100,1,Y,
DBD-10,Records Review,treatment-assessment-confusion,1,MOD-D10-04,,3,100,1,Y,
DBD-10,Records Review,tier-level-confusion,1,MOD-D10-04,,3,100,1,Y,
DBD-10,Records Review,eligibility-criteria-confusion,1,MOD-D10-04,,3,100,1,Y,
DBD-10,Records Review,prerequisite-skipping,1,MOD-D10-04,,3,100,1,Y,
DBD-10,Records Review,label-retrieval,1,MOD-D10-04,,3,100,1,Y,
DBD-10,Records Review,indirect-direct-confusion,1,MOD-D10-04,,3,100,1,Y,
DBD-10,Records Review,role-confusion,1,MOD-D10-04,,3,100,1,Y,
DBD-10,Records Review,causation-correlation,1,MOD-D10-04,,3,100,1,Y,
PSY-01,Score Interpretation,treatment-assessment-confusion,1,MOD-D9-02,Correlations: Negative Can Be Stronger Than Positive,3,100,1,Y,
PSY-01,Score Interpretation,scope-overgeneralization,1,MOD-D9-02,Correlations: Negative Can Be Stronger Than Positive,3,100,1,Y,
PSY-01,Score Interpretation,validity-reliability-confusion,1,MOD-D9-02,Correlations: Negative Can Be Stronger Than Positive,3,100,1,Y,
PSY-01,Score Interpretation,eligibility-criteria-confusion,1,MOD-D9-02,Correlations: Negative Can Be Stronger Than Positive,3,100,1,Y,
PSY-01,Score Interpretation,overgeneralization,1,MOD-D9-02,Correlations: Negative Can Be Stronger Than Positive,3,100,1,Y,
PSY-01,Score Interpretation,indirect-direct-confusion,1,MOD-D9-02,Correlations: Negative Can Be Stronger Than Positive,3,100,1,Y,
PSY-01,Score Interpretation,component-confusion,1,MOD-D9-02,Correlations: Negative Can Be Stronger Than Positive,3,100,1,Y,
PSY-01,Score Interpretation,population-confusion,1,MOD-D9-02,Correlations: Negative Can Be Stronger Than Positive,3,100,1,Y,
PSY-01,Score Interpretation,purpose-confusion,1,MOD-D9-02,Correlations: Negative Can Be Stronger Than Positive,3,100,1,Y,
PSY-01,Score Interpretation,causation-correlation,1,MOD-D9-02,Correlations: Negative Can Be Stronger Than Positive,3,100,1,Y,
PSY-02,Reliability and Validity,causation-correlation,1,MOD-D9-03,Validity vs. Reliability: A Critical Distinction,4,100,1,Y,
PSY-02,Reliability and Validity,consent-confidentiality-confusion,1,MOD-D9-03,Validity vs. Reliability: A Critical Distinction,4,100,1,Y,
PSY-02,Reliability and Validity,sequence-inversion,1,MOD-D9-03,Validity vs. Reliability: A Critical Distinction,4,100,1,Y,
PSY-02,Reliability and Validity,indirect-direct-confusion,1,MOD-D9-03,Validity vs. Reliability: A Critical Distinction,4,100,1,Y,
PSY-02,Reliability and Validity,overgeneralization,1,MOD-D9-03,Validity vs. Reliability: A Critical Distinction,4,100,1,Y,
PSY-02,Reliability and Validity,component-confusion,1,MOD-D9-03,Validity vs. Reliability: A Critical Distinction,4,100,1,Y,
PSY-02,Reliability and Validity,role-confusion,1,MOD-D9-03,Validity vs. Reliability: A Critical Distinction,4,100,1,Y,
PSY-02,Reliability and Validity,validity-reliability-confusion,1,MOD-D9-03,Validity vs. Reliability: A Critical Distinction,4,100,1,Y,
PSY-02,Reliability and Validity,population-confusion,1,MOD-D9-03,Validity vs. Reliability: A Critical Distinction,4,100,1,Y,
PSY-02,Reliability and Validity,scope-overgeneralization,1,MOD-D9-03,Validity vs. Reliability: A Critical Distinction,4,100,1,Y,
PSY-02,Reliability and Validity,eligibility-criteria-confusion,1,MOD-D9-03,Validity vs. Reliability: A Critical Distinction,4,100,1,Y,
PSY-02,Reliability and Validity,prerequisite-skipping,1,MOD-D9-03,Validity vs. Reliability: A Critical Distinction,4,100,1,Y,
PSY-03,MTSS in Assessment,sequence-inversion,1,MOD-D5-02,RTI at the Systems Level: Not for Retention Decisions,2,100,1,Y,THIN
PSY-03,MTSS in Assessment,component-confusion,1,MOD-D5-02,RTI at the Systems Level: Not for Retention Decisions,2,100,1,Y,THIN
PSY-03,MTSS in Assessment,scope-undergeneralization,1,MOD-D1-06,MTSS Tiers: What Belongs at Tier 1 vs. Tier 3,4,100,1,Y,
PSY-03,MTSS in Assessment,tier-level-confusion,1,MOD-D5-02,RTI at the Systems Level: Not for Retention Decisions,2,100,1,Y,THIN
PSY-03,MTSS in Assessment,purpose-confusion,1,MOD-D5-02,RTI at the Systems Level: Not for Retention Decisions,2,100,1,Y,THIN
PSY-03,MTSS in Assessment,model-conflation,1,MOD-D5-02,RTI at the Systems Level: Not for Retention Decisions,2,100,1,Y,THIN
PSY-03,MTSS in Assessment,scope-overgeneralization,1,MOD-D5-02,RTI at the Systems Level: Not for Retention Decisions,2,100,1,Y,THIN
PSY-03,MTSS in Assessment,causation-correlation,1,MOD-D5-02,RTI at the Systems Level: Not for Retention Decisions,2,100,1,Y,THIN
PSY-03,MTSS in Assessment,norm-criterion-confusion,1,MOD-D5-02,RTI at the Systems Level: Not for Retention Decisions,2,100,1,Y,THIN
PSY-04,CLD Assessment,label-retrieval,1,MOD-D8-01,Testing ELL and Diverse Students: Caution and Cultural Humility,3,100,1,Y,
PSY-04,CLD Assessment,sequence-inversion,1,MOD-D8-01,Testing ELL and Diverse Students: Caution and Cultural Humility,3,100,1,Y,
PSY-04,CLD Assessment,tier-level-confusion,1,MOD-D8-01,Testing ELL and Diverse Students: Caution and Cultural Humility,3,100,1,Y,
PSY-04,CLD Assessment,validity-reliability-confusion,1,MOD-D8-01,Testing ELL and Diverse Students: Caution and Cultural Humility,3,100,1,Y,
PSY-04,CLD Assessment,role-confusion,1,MOD-D8-01,Testing ELL and Diverse Students: Caution and Cultural Humility,3,100,1,Y,
PSY-04,CLD Assessment,consent-confidentiality-confusion,1,MOD-D8-01,Testing ELL and Diverse Students: Caution and Cultural Humility,3,100,1,Y,
PSY-04,CLD Assessment,purpose-confusion,1,MOD-D8-01,Testing ELL and Diverse Students: Caution and Cultural Humility,3,100,1,Y,
PSY-04,CLD Assessment,eligibility-criteria-confusion,1,MOD-D8-01,Testing ELL and Diverse Students: Caution and Cultural Humility,3,100,1,Y,
PSY-04,CLD Assessment,prerequisite-skipping,1,MOD-D8-01,Testing ELL and Diverse Students: Caution and Cultural Humility,3,100,1,Y,
PSY-04,CLD Assessment,developmental-stage-mismatch,1,MOD-D8-01,Testing ELL and Diverse Students: Caution and Cultural Humility,3,100,1,Y,
PSY-04,CLD Assessment,model-conflation,1,MOD-D8-01,Testing ELL and Diverse Students: Caution and Cultural Humility,3,100,1,Y,
PSY-04,CLD Assessment,scope-overgeneralization,1,MOD-D8-01,Testing ELL and Diverse Students: Caution and Cultural Humility,3,100,1,Y,
PSY-04,CLD Assessment,population-confusion,1,MOD-D8-01,Testing ELL and Diverse Students: Caution and Cultural Humility,3,100,1,Y,
PSY-04,CLD Assessment,norm-criterion-confusion,1,MOD-D8-01,Testing ELL and Diverse Students: Caution and Cultural Humility,3,100,1,Y,
PSY-04,CLD Assessment,component-confusion,1,MOD-D8-01,Testing ELL and Diverse Students: Caution and Cultural Humility,3,100,1,Y,
PSY-04,CLD Assessment,indirect-direct-confusion,1,MOD-D8-01,Testing ELL and Diverse Students: Caution and Cultural Humility,3,100,1,Y,
PSY-04,CLD Assessment,overgeneralization,1,MOD-D8-01,Testing ELL and Diverse Students: Caution and Cultural Humility,3,100,1,Y,
ACA-02,Accommodations,label-retrieval,1,MOD-D3-04,,4,100,1,Y,
ACA-02,Accommodations,treatment-assessment-confusion,1,MOD-D3-04,,4,100,1,Y,
ACA-02,Accommodations,role-confusion,1,MOD-D3-04,,4,100,1,Y,
ACA-02,Accommodations,sequence-inversion,1,MOD-D3-04,,4,100,1,Y,
ACA-02,Accommodations,developmental-stage-mismatch,1,MOD-D3-04,,4,100,1,Y,
ACA-03,Study Skills,purpose-confusion,1,MOD-D3-06,Chunking: The Memory Strategy for Long Lists,4,100,1,Y,
ACA-03,Study Skills,tier-level-confusion,1,MOD-D3-06,Chunking: The Memory Strategy for Long Lists,4,100,1,Y,
ACA-03,Study Skills,consent-confidentiality-confusion,1,MOD-D3-06,Chunking: The Memory Strategy for Long Lists,4,100,1,Y,
ACA-03,Study Skills,population-confusion,1,MOD-D3-06,Chunking: The Memory Strategy for Long Lists,4,100,1,Y,
ACA-03,Study Skills,causation-correlation,1,MOD-D3-06,Chunking: The Memory Strategy for Long Lists,4,100,1,Y,
ACA-03,Study Skills,scope-overgeneralization,1,MOD-D3-06,Chunking: The Memory Strategy for Long Lists,4,100,1,Y,
ACA-03,Study Skills,role-confusion,1,MOD-D3-06,Chunking: The Memory Strategy for Long Lists,4,100,1,Y,
ACA-03,Study Skills,prerequisite-skipping,1,MOD-D3-06,Chunking: The Memory Strategy for Long Lists,4,100,1,Y,
ACA-03,Study Skills,indirect-direct-confusion,1,MOD-D3-06,Chunking: The Memory Strategy for Long Lists,4,100,1,Y,
ACA-04,Instructional Strategies,prerequisite-skipping,1,MOD-D3-01,Evidence-Based Teaching: Explicit and Systematic Instruction,4,100,1,Y,
ACA-04,Instructional Strategies,tier-level-confusion,1,MOD-D3-01,Evidence-Based Teaching: Explicit and Systematic Instruction,4,100,1,Y,
ACA-04,Instructional Strategies,eligibility-criteria-confusion,1,MOD-D3-01,Evidence-Based Teaching: Explicit and Systematic Instruction,4,100,1,Y,
ACA-04,Instructional Strategies,population-confusion,1,MOD-D3-01,Evidence-Based Teaching: Explicit and Systematic Instruction,4,100,1,Y,
ACA-04,Instructional Strategies,role-confusion,1,MOD-D3-01,Evidence-Based Teaching: Explicit and Systematic Instruction,4,100,1,Y,
ACA-04,Instructional Strategies,treatment-assessment-confusion,1,MOD-D3-01,Evidence-Based Teaching: Explicit and Systematic Instruction,4,100,1,Y,
ACA-06,Learning Theory,overgeneralization,1,MOD-D4-02,Negative Reinforcement vs. Punishment: The Perennial Confusion,5,100,1,Y,
ACA-07,Language and Literacy,developmental-stage-mismatch,1,MOD-D3-02,Reading Programs: Phonological Processing Comes First,4,100,1,Y,
ACA-07,Language and Literacy,treatment-assessment-confusion,1,MOD-D3-02,Reading Programs: Phonological Processing Comes First,4,100,1,Y,
ACA-07,Language and Literacy,validity-reliability-confusion,1,MOD-D3-02,Reading Programs: Phonological Processing Comes First,4,100,1,Y,
ACA-07,Language and Literacy,overgeneralization,1,MOD-D3-02,Reading Programs: Phonological Processing Comes First,4,100,1,Y,
ACA-07,Language and Literacy,eligibility-criteria-confusion,1,MOD-D3-02,Reading Programs: Phonological Processing Comes First,4,100,1,Y,
ACA-07,Language and Literacy,component-confusion,1,MOD-D3-02,Reading Programs: Phonological Processing Comes First,4,100,1,Y,
ACA-07,Language and Literacy,sequence-inversion,1,MOD-D3-02,Reading Programs: Phonological Processing Comes First,4,100,1,Y,
ACA-07,Language and Literacy,indirect-direct-confusion,1,MOD-D3-02,Reading Programs: Phonological Processing Comes First,4,100,1,Y,
ACA-08,Executive Function,indirect-direct-confusion,1,MOD-D4-06,,3,100,1,Y,
ACA-08,Executive Function,purpose-confusion,1,MOD-D4-06,,3,100,1,Y,
ACA-08,Executive Function,eligibility-criteria-confusion,1,MOD-D4-06,,3,100,1,Y,
ACA-08,Executive Function,tier-level-confusion,1,MOD-D4-06,,3,100,1,Y,
ACA-08,Executive Function,causation-correlation,1,MOD-D4-06,,3,100,1,Y,
ACA-08,Executive Function,consent-confidentiality-confusion,1,MOD-D4-06,,3,100,1,Y,
ACA-08,Executive Function,norm-criterion-confusion,1,MOD-D4-06,,3,100,1,Y,
ACA-08,Executive Function,validity-reliability-confusion,1,MOD-D1-10,,4,100,1,Y,
ACA-08,Executive Function,role-confusion,1,MOD-D4-06,,3,100,1,Y,
ACA-08,Executive Function,prerequisite-skipping,1,MOD-D1-10,,4,100,1,Y,
ACA-08,Executive Function,population-confusion,1,MOD-D1-10,,4,100,1,Y,
ACA-09,Health Impact,role-confusion,1,MOD-D8-04,Intellectual Disability Evaluation: WISC + Vineland Required,3,100,1,Y,
ACA-09,Health Impact,indirect-direct-confusion,1,MOD-D8-04,Intellectual Disability Evaluation: WISC + Vineland Required,3,100,1,Y,
ACA-09,Health Impact,overgeneralization,1,MOD-D8-04,Intellectual Disability Evaluation: WISC + Vineland Required,3,100,1,Y,
ACA-09,Health Impact,tier-level-confusion,1,MOD-D4-06,,3,100,1,Y,
ACA-09,Health Impact,causation-correlation,1,MOD-D8-04,Intellectual Disability Evaluation: WISC + Vineland Required,3,100,1,Y,
ACA-09,Health Impact,population-confusion,1,MOD-D8-04,Intellectual Disability Evaluation: WISC + Vineland Required,3,100,1,Y,
ACA-09,Health Impact,prerequisite-skipping,1,MOD-D8-04,Intellectual Disability Evaluation: WISC + Vineland Required,3,100,1,Y,
ACA-09,Health Impact,treatment-assessment-confusion,1,MOD-D8-04,Intellectual Disability Evaluation: WISC + Vineland Required,3,100,1,Y,
ACA-09,Health Impact,consent-confidentiality-confusion,1,MOD-D8-04,Intellectual Disability Evaluation: WISC + Vineland Required,3,100,1,Y,
ACA-09,Health Impact,label-retrieval,1,MOD-D8-04,Intellectual Disability Evaluation: WISC + Vineland Required,3,100,1,Y,
ACA-09,Health Impact,purpose-confusion,1,MOD-D8-04,Intellectual Disability Evaluation: WISC + Vineland Required,3,100,1,Y,
ACA-09,Health Impact,sequence-inversion,1,MOD-D8-04,Intellectual Disability Evaluation: WISC + Vineland Required,3,100,1,Y,
DEV-01,Development,indirect-direct-confusion,1,MOD-D4-09,,4,100,1,Y,
DEV-01,Development,validity-reliability-confusion,1,MOD-D4-09,,4,100,1,Y,
DEV-01,Development,population-confusion,1,MOD-D4-09,,4,100,1,Y,
DEV-01,Development,overgeneralization,1,MOD-D4-09,,4,100,1,Y,
DEV-01,Development,scope-undergeneralization,1,MOD-D4-09,,4,100,1,Y,
DEV-01,Development,prerequisite-skipping,1,MOD-D4-09,,4,100,1,Y,
DEV-01,Development,label-retrieval,1,MOD-D4-09,,4,100,1,Y,
DEV-01,Development,role-confusion,1,MOD-D4-09,,4,100,1,Y,
MBH-02,Counseling Supports,treatment-assessment-confusion,1,MOD-D4-01,CBT: The Most Supported School-Based Counseling Approach,4,100,1,Y,
MBH-02,Counseling Supports,scope-undergeneralization,1,MOD-D4-01,CBT: The Most Supported School-Based Counseling Approach,4,100,1,Y,
MBH-02,Counseling Supports,prerequisite-skipping,1,MOD-D4-01,CBT: The Most Supported School-Based Counseling Approach,4,100,1,Y,
MBH-02,Counseling Supports,developmental-stage-mismatch,1,MOD-D4-01,CBT: The Most Supported School-Based Counseling Approach,4,100,1,Y,
MBH-02,Counseling Supports,scope-overgeneralization,1,MOD-D4-01,CBT: The Most Supported School-Based Counseling Approach,4,100,1,Y,
MBH-02,Counseling Supports,eligibility-criteria-confusion,1,MOD-D4-01,CBT: The Most Supported School-Based Counseling Approach,4,100,1,Y,
MBH-02,Counseling Supports,indirect-direct-confusion,1,MOD-D4-01,CBT: The Most Supported School-Based Counseling Approach,4,100,1,Y,
MBH-02,Counseling Supports,role-confusion,1,MOD-D4-01,CBT: The Most Supported School-Based Counseling Approach,4,100,1,Y,
MBH-02,Counseling Supports,consent-confidentiality-confusion,1,MOD-D4-01,CBT: The Most Supported School-Based Counseling Approach,4,100,1,Y,
MBH-02,Counseling Supports,overgeneralization,1,MOD-D4-01,CBT: The Most Supported School-Based Counseling Approach,4,100,1,Y,
MBH-03,Intervention Models,causation-correlation,1,MOD-D4-01,CBT: The Most Supported School-Based Counseling Approach,4,100,1,Y,
MBH-03,Intervention Models,population-confusion,1,MOD-D4-01,CBT: The Most Supported School-Based Counseling Approach,4,100,1,Y,
MBH-03,Intervention Models,label-retrieval,1,MOD-D4-02,Negative Reinforcement vs. Punishment: The Perennial Confusion,5,100,1,Y,
MBH-03,Intervention Models,eligibility-criteria-confusion,1,MOD-D4-02,Negative Reinforcement vs. Punishment: The Perennial Confusion,5,100,1,Y,
MBH-03,Intervention Models,overgeneralization,1,MOD-D4-02,Negative Reinforcement vs. Punishment: The Perennial Confusion,5,100,1,Y,
MBH-03,Intervention Models,scope-overgeneralization,1,MOD-D4-02,Negative Reinforcement vs. Punishment: The Perennial Confusion,5,100,1,Y,
MBH-04,Psychopathology,overgeneralization,1,MOD-D4-05,"Bullying: An Abuse of Power, Not Just Aggression",4,100,1,Y,
MBH-04,Psychopathology,tier-level-confusion,1,MOD-D4-05,"Bullying: An Abuse of Power, Not Just Aggression",4,100,1,Y,
MBH-04,Psychopathology,model-conflation,1,MOD-D4-05,"Bullying: An Abuse of Power, Not Just Aggression",4,100,1,Y,
MBH-04,Psychopathology,sequence-inversion,1,MOD-D4-05,"Bullying: An Abuse of Power, Not Just Aggression",4,100,1,Y,
MBH-04,Psychopathology,role-confusion,1,MOD-D4-05,"Bullying: An Abuse of Power, Not Just Aggression",4,100,1,Y,
MBH-04,Psychopathology,scope-undergeneralization,1,MOD-D4-05,"Bullying: An Abuse of Power, Not Just Aggression",4,100,1,Y,
MBH-04,Psychopathology,indirect-direct-confusion,1,MOD-D4-05,"Bullying: An Abuse of Power, Not Just Aggression",4,100,1,Y,
MBH-05,Biological Bases,prerequisite-skipping,1,MOD-D4-06,,3,100,1,Y,
MBH-05,Biological Bases,overgeneralization,1,MOD-D4-06,,3,100,1,Y,
MBH-05,Biological Bases,indirect-direct-confusion,1,MOD-D4-06,,3,100,1,Y,
MBH-05,Biological Bases,sequence-inversion,1,MOD-D4-06,,3,100,1,Y,
MBH-05,Biological Bases,population-confusion,1,MOD-D4-06,,3,100,1,Y,
FAM-02,Family Advocacy,eligibility-criteria-confusion,1,MOD-D7-02,Mandated Reporting: Your Personal Duty Cannot Be Delegated,3,100,1,Y,
FAM-02,Family Advocacy,sequence-inversion,1,MOD-D7-02,Mandated Reporting: Your Personal Duty Cannot Be Delegated,3,100,1,Y,
FAM-02,Family Advocacy,component-confusion,1,MOD-D7-02,Mandated Reporting: Your Personal Duty Cannot Be Delegated,3,100,1,Y,
FAM-02,Family Advocacy,tier-level-confusion,1,MOD-D7-01,Starting Family Collaboration: Understand Values First,3,100,1,Y,
FAM-02,Family Advocacy,indirect-direct-confusion,1,MOD-D7-01,Starting Family Collaboration: Understand Values First,3,100,1,Y,
FAM-02,Family Advocacy,validity-reliability-confusion,1,MOD-D7-01,Starting Family Collaboration: Understand Values First,3,100,1,Y,
FAM-02,Family Advocacy,role-confusion,1,MOD-D7-01,Starting Family Collaboration: Understand Values First,3,100,1,Y,
FAM-02,Family Advocacy,population-confusion,1,MOD-D7-01,Starting Family Collaboration: Understand Values First,3,100,1,Y,
FAM-02,Family Advocacy,purpose-confusion,1,MOD-D7-01,Starting Family Collaboration: Understand Values First,3,100,1,Y,
FAM-02,Family Advocacy,prerequisite-skipping,1,MOD-D7-01,Starting Family Collaboration: Understand Values First,3,100,1,Y,
FAM-02,Family Advocacy,overgeneralization,1,MOD-D7-01,Starting Family Collaboration: Understand Values First,3,100,1,Y,
FAM-03,Interagency Collaboration,norm-criterion-confusion,1,MOD-D2-04,Systemic Drug Prevention: Community Coalition Over Classroom Talks,4,100,1,Y,
FAM-03,Interagency Collaboration,sequence-inversion,1,MOD-D2-04,Systemic Drug Prevention: Community Coalition Over Classroom Talks,4,100,1,Y,
FAM-03,Interagency Collaboration,label-retrieval,1,MOD-D2-04,Systemic Drug Prevention: Community Coalition Over Classroom Talks,4,100,1,Y,
FAM-03,Interagency Collaboration,tier-level-confusion,1,MOD-D2-04,Systemic Drug Prevention: Community Coalition Over Classroom Talks,4,100,1,Y,
FAM-03,Interagency Collaboration,population-confusion,1,MOD-D2-04,Systemic Drug Prevention: Community Coalition Over Classroom Talks,4,100,1,Y,
FAM-03,Interagency Collaboration,scope-undergeneralization,1,MOD-D2-04,Systemic Drug Prevention: Community Coalition Over Classroom Talks,4,100,1,Y,
FAM-03,Interagency Collaboration,scope-overgeneralization,1,MOD-D2-04,Systemic Drug Prevention: Community Coalition Over Classroom Talks,4,100,1,Y,
FAM-03,Interagency Collaboration,prerequisite-skipping,1,MOD-D2-04,Systemic Drug Prevention: Community Coalition Over Classroom Talks,4,100,1,Y,
FAM-03,Interagency Collaboration,treatment-assessment-confusion,1,MOD-D2-04,Systemic Drug Prevention: Community Coalition Over Classroom Talks,4,100,1,Y,
FAM-03,Interagency Collaboration,component-confusion,1,MOD-D2-04,Systemic Drug Prevention: Community Coalition Over Classroom Talks,4,100,1,Y,
FAM-03,Interagency Collaboration,eligibility-criteria-confusion,1,MOD-D2-04,Systemic Drug Prevention: Community Coalition Over Classroom Talks,4,100,1,Y,
FAM-03,Interagency Collaboration,purpose-confusion,1,MOD-D2-04,Systemic Drug Prevention: Community Coalition Over Classroom Talks,4,100,1,Y,
SAF-01,Schoolwide Prevention,tier-level-confusion,1,MOD-D5-01,PBIS: The NASP-Endorsed System-Wide Practice,3,100,1,Y,
SAF-01,Schoolwide Prevention,purpose-confusion,1,MOD-D5-01,PBIS: The NASP-Endorsed System-Wide Practice,3,100,1,Y,
SAF-01,Schoolwide Prevention,consent-confidentiality-confusion,1,MOD-D5-01,PBIS: The NASP-Endorsed System-Wide Practice,3,100,1,Y,
SAF-01,Schoolwide Prevention,overgeneralization,1,MOD-D5-01,PBIS: The NASP-Endorsed System-Wide Practice,3,100,1,Y,
SAF-01,Schoolwide Prevention,population-confusion,1,MOD-D5-01,PBIS: The NASP-Endorsed System-Wide Practice,3,100,1,Y,
SAF-01,Schoolwide Prevention,prerequisite-skipping,1,MOD-D5-01,PBIS: The NASP-Endorsed System-Wide Practice,3,100,1,Y,
SAF-01,Schoolwide Prevention,role-confusion,1,MOD-D5-01,PBIS: The NASP-Endorsed System-Wide Practice,3,100,1,Y,
SAF-01,Schoolwide Prevention,component-confusion,1,MOD-D5-01,PBIS: The NASP-Endorsed System-Wide Practice,3,100,1,Y,
SAF-01,Schoolwide Prevention,developmental-stage-mismatch,1,MOD-D5-01,PBIS: The NASP-Endorsed System-Wide Practice,3,100,1,Y,
SAF-03,Threat Assessment,causation-correlation,1,MOD-D6-03,Threat Assessment: Duty to Warn,2,100,1,Y,THIN
SAF-03,Threat Assessment,treatment-assessment-confusion,1,MOD-D6-03,Threat Assessment: Duty to Warn,2,100,1,Y,THIN
SAF-04,Crisis Response,validity-reliability-confusion,1,MOD-D6-01,Crisis Prevention: The Primary Emphasis,3,100,1,Y,
SAF-04,Crisis Response,eligibility-criteria-confusion,1,MOD-D6-01,Crisis Prevention: The Primary Emphasis,3,100,1,Y,
SAF-04,Crisis Response,role-confusion,1,MOD-D6-01,Crisis Prevention: The Primary Emphasis,3,100,1,Y,
SAF-04,Crisis Response,treatment-assessment-confusion,1,MOD-D6-01,Crisis Prevention: The Primary Emphasis,3,100,1,Y,
SAF-04,Crisis Response,scope-overgeneralization,1,MOD-D6-01,Crisis Prevention: The Primary Emphasis,3,100,1,Y,
SAF-04,Crisis Response,tier-level-confusion,1,MOD-D6-01,Crisis Prevention: The Primary Emphasis,3,100,1,Y,
SAF-04,Crisis Response,causation-correlation,1,MOD-D6-01,Crisis Prevention: The Primary Emphasis,3,100,1,Y,
SAF-04,Crisis Response,component-confusion,1,MOD-D6-01,Crisis Prevention: The Primary Emphasis,3,100,1,Y,
SAF-04,Crisis Response,norm-criterion-confusion,1,MOD-D6-01,Crisis Prevention: The Primary Emphasis,3,100,1,Y,
SWP-02,Policy and Practice,overgeneralization,1,MOD-D3-03,Grade Retention: NASP Does Not Endorse It,4,100,1,Y,
SWP-02,Policy and Practice,developmental-stage-mismatch,1,MOD-D3-03,Grade Retention: NASP Does Not Endorse It,4,100,1,Y,
SWP-02,Policy and Practice,validity-reliability-confusion,1,MOD-D3-03,Grade Retention: NASP Does Not Endorse It,4,100,1,Y,
SWP-02,Policy and Practice,label-retrieval,1,MOD-D3-03,Grade Retention: NASP Does Not Endorse It,4,100,1,Y,
SWP-02,Policy and Practice,scope-undergeneralization,1,MOD-D3-03,Grade Retention: NASP Does Not Endorse It,4,100,1,Y,
SWP-02,Policy and Practice,causation-correlation,1,MOD-D3-03,Grade Retention: NASP Does Not Endorse It,4,100,1,Y,
SWP-02,Policy and Practice,population-confusion,1,MOD-D3-03,Grade Retention: NASP Does Not Endorse It,4,100,1,Y,
SWP-02,Policy and Practice,indirect-direct-confusion,1,MOD-D3-03,Grade Retention: NASP Does Not Endorse It,4,100,1,Y,
SWP-02,Policy and Practice,purpose-confusion,1,MOD-D3-03,Grade Retention: NASP Does Not Endorse It,4,100,1,Y,
SWP-03,Schoolwide Practices,eligibility-criteria-confusion,1,MOD-D5-01,PBIS: The NASP-Endorsed System-Wide Practice,3,100,1,Y,
SWP-03,Schoolwide Practices,population-confusion,1,MOD-D5-01,PBIS: The NASP-Endorsed System-Wide Practice,3,100,1,Y,
SWP-03,Schoolwide Practices,validity-reliability-confusion,1,MOD-D5-01,PBIS: The NASP-Endorsed System-Wide Practice,3,100,1,Y,
SWP-03,Schoolwide Practices,prerequisite-skipping,1,MOD-D5-01,PBIS: The NASP-Endorsed System-Wide Practice,3,100,1,Y,
SWP-03,Schoolwide Practices,indirect-direct-confusion,1,MOD-D5-01,PBIS: The NASP-Endorsed System-Wide Practice,3,100,1,Y,
SWP-03,Schoolwide Practices,developmental-stage-mismatch,1,MOD-D5-01,PBIS: The NASP-Endorsed System-Wide Practice,3,100,1,Y,
SWP-03,Schoolwide Practices,treatment-assessment-confusion,1,MOD-D5-01,PBIS: The NASP-Endorsed System-Wide Practice,3,100,1,Y,
SWP-03,Schoolwide Practices,scope-overgeneralization,1,MOD-D5-01,PBIS: The NASP-Endorsed System-Wide Practice,3,100,1,Y,
SWP-03,Schoolwide Practices,tier-level-confusion,1,MOD-D5-01,PBIS: The NASP-Endorsed System-Wide Practice,3,100,1,Y,
SWP-03,Schoolwide Practices,model-conflation,1,MOD-D5-01,PBIS: The NASP-Endorsed System-Wide Practice,3,100,1,Y,
SWP-03,Schoolwide Practices,overgeneralization,1,MOD-D5-01,PBIS: The NASP-Endorsed System-Wide Practice,3,100,1,Y,
SWP-04,Systems MTSS,eligibility-criteria-confusion,1,MOD-D5-02,RTI at the Systems Level: Not for Retention Decisions,2,100,1,Y,THIN
SWP-04,Systems MTSS,norm-criterion-confusion,1,MOD-D5-02,RTI at the Systems Level: Not for Retention Decisions,2,100,1,Y,THIN
SWP-04,Systems MTSS,overgeneralization,1,MOD-D5-02,RTI at the Systems Level: Not for Retention Decisions,2,100,1,Y,THIN
SWP-04,Systems MTSS,sequence-inversion,1,MOD-D5-02,RTI at the Systems Level: Not for Retention Decisions,2,100,1,Y,THIN
SWP-04,Systems MTSS,causation-correlation,1,MOD-D1-06,MTSS Tiers: What Belongs at Tier 1 vs. Tier 3,4,100,1,Y,
SWP-04,Systems MTSS,validity-reliability-confusion,1,MOD-D1-06,MTSS Tiers: What Belongs at Tier 1 vs. Tier 3,4,100,1,Y,
SWP-04,Systems MTSS,treatment-assessment-confusion,1,MOD-D1-06,MTSS Tiers: What Belongs at Tier 1 vs. Tier 3,4,100,1,Y,
DIV-01,Cultural Factors,model-conflation,1,MOD-D8-03,Systemic Racism and Disproportionality: Know the Vocabulary,3,100,1,Y,
DIV-01,Cultural Factors,label-retrieval,1,MOD-D8-03,Systemic Racism and Disproportionality: Know the Vocabulary,3,100,1,Y,
DIV-01,Cultural Factors,indirect-direct-confusion,1,MOD-D8-03,Systemic Racism and Disproportionality: Know the Vocabulary,3,100,1,Y,
DIV-01,Cultural Factors,scope-overgeneralization,1,MOD-D8-03,Systemic Racism and Disproportionality: Know the Vocabulary,3,100,1,Y,
DIV-01,Cultural Factors,component-confusion,1,MOD-D8-03,Systemic Racism and Disproportionality: Know the Vocabulary,3,100,1,Y,
DIV-01,Cultural Factors,causation-correlation,1,MOD-D8-03,Systemic Racism and Disproportionality: Know the Vocabulary,3,100,1,Y,
DIV-01,Cultural Factors,prerequisite-skipping,1,MOD-D8-03,Systemic Racism and Disproportionality: Know the Vocabulary,3,100,1,Y,
DIV-01,Cultural Factors,eligibility-criteria-confusion,1,MOD-D8-03,Systemic Racism and Disproportionality: Know the Vocabulary,3,100,1,Y,
DIV-01,Cultural Factors,population-confusion,1,MOD-D8-03,Systemic Racism and Disproportionality: Know the Vocabulary,3,100,1,Y,
DIV-01,Cultural Factors,treatment-assessment-confusion,1,MOD-D8-03,Systemic Racism and Disproportionality: Know the Vocabulary,3,100,1,Y,
DIV-01,Cultural Factors,norm-criterion-confusion,1,MOD-D8-03,Systemic Racism and Disproportionality: Know the Vocabulary,3,100,1,Y,
DIV-01,Cultural Factors,validity-reliability-confusion,1,MOD-D8-03,Systemic Racism and Disproportionality: Know the Vocabulary,3,100,1,Y,
DIV-01,Cultural Factors,consent-confidentiality-confusion,1,MOD-D8-03,Systemic Racism and Disproportionality: Know the Vocabulary,3,100,1,Y,
DIV-01,Cultural Factors,developmental-stage-mismatch,1,MOD-D8-03,Systemic Racism and Disproportionality: Know the Vocabulary,3,100,1,Y,
DIV-01,Cultural Factors,scope-undergeneralization,1,MOD-D8-03,Systemic Racism and Disproportionality: Know the Vocabulary,3,100,1,Y,
DIV-01,Cultural Factors,purpose-confusion,1,MOD-D8-03,Systemic Racism and Disproportionality: Know the Vocabulary,3,100,1,Y,
DIV-03,Bias in Decisions,role-confusion,1,MOD-D8-03,Systemic Racism and Disproportionality: Know the Vocabulary,3,100,1,Y,
DIV-03,Bias in Decisions,purpose-confusion,1,MOD-D5-04,Disproportionality: Group Membership and Unequal Outcomes,3,100,1,Y,
DIV-03,Bias in Decisions,indirect-direct-confusion,1,MOD-D5-04,Disproportionality: Group Membership and Unequal Outcomes,3,100,1,Y,
DIV-03,Bias in Decisions,prerequisite-skipping,1,MOD-D5-04,Disproportionality: Group Membership and Unequal Outcomes,3,100,1,Y,
DIV-03,Bias in Decisions,consent-confidentiality-confusion,1,MOD-D5-04,Disproportionality: Group Membership and Unequal Outcomes,3,100,1,Y,
DIV-05,Diverse Needs,consent-confidentiality-confusion,1,MOD-D8-04,Intellectual Disability Evaluation: WISC + Vineland Required,3,100,1,Y,
DIV-05,Diverse Needs,validity-reliability-confusion,1,MOD-D8-04,Intellectual Disability Evaluation: WISC + Vineland Required,3,100,1,Y,
DIV-05,Diverse Needs,model-conflation,1,MOD-D8-04,Intellectual Disability Evaluation: WISC + Vineland Required,3,100,1,Y,
DIV-05,Diverse Needs,prerequisite-skipping,1,MOD-D8-04,Intellectual Disability Evaluation: WISC + Vineland Required,3,100,1,Y,
DIV-05,Diverse Needs,norm-criterion-confusion,1,MOD-D8-04,Intellectual Disability Evaluation: WISC + Vineland Required,3,100,1,Y,
DIV-05,Diverse Needs,purpose-confusion,1,MOD-D8-04,Intellectual Disability Evaluation: WISC + Vineland Required,3,100,1,Y,
DIV-05,Diverse Needs,label-retrieval,1,MOD-D8-04,Intellectual Disability Evaluation: WISC + Vineland Required,3,100,1,Y,
DIV-05,Diverse Needs,causation-correlation,1,MOD-D8-04,Intellectual Disability Evaluation: WISC + Vineland Required,3,100,1,Y,
DIV-05,Diverse Needs,tier-level-confusion,1,MOD-D8-04,Intellectual Disability Evaluation: WISC + Vineland Required,3,100,1,Y,
DIV-05,Diverse Needs,scope-overgeneralization,1,MOD-D8-04,Intellectual Disability Evaluation: WISC + Vineland Required,3,100,1,Y,
DIV-05,Diverse Needs,developmental-stage-mismatch,1,MOD-D8-04,Intellectual Disability Evaluation: WISC + Vineland Required,3,100,1,Y,
DIV-05,Diverse Needs,eligibility-criteria-confusion,1,MOD-D8-04,Intellectual Disability Evaluation: WISC + Vineland Required,3,100,1,Y,
DIV-05,Diverse Needs,indirect-direct-confusion,1,MOD-D8-04,Intellectual Disability Evaluation: WISC + Vineland Required,3,100,1,Y,
DIV-05,Diverse Needs,role-confusion,1,MOD-D8-04,Intellectual Disability Evaluation: WISC + Vineland Required,3,100,1,Y,
DIV-05,Diverse Needs,sequence-inversion,1,MOD-D8-04,Intellectual Disability Evaluation: WISC + Vineland Required,3,100,1,Y,
DIV-05,Diverse Needs,overgeneralization,1,MOD-D8-04,Intellectual Disability Evaluation: WISC + Vineland Required,3,100,1,Y,
DIV-05,Diverse Needs,component-confusion,1,MOD-D8-04,Intellectual Disability Evaluation: WISC + Vineland Required,3,100,1,Y,
DIV-05,Diverse Needs,scope-undergeneralization,1,MOD-D8-04,Intellectual Disability Evaluation: WISC + Vineland Required,3,100,1,Y,
DIV-05,Diverse Needs,population-confusion,1,MOD-D8-04,Intellectual Disability Evaluation: WISC + Vineland Required,3,100,1,Y,
DIV-05,Diverse Needs,treatment-assessment-confusion,1,MOD-D8-04,Intellectual Disability Evaluation: WISC + Vineland Required,3,100,1,Y,
ETH-01,Ethical Problem-Solving,label-retrieval,1,MOD-D10-07,,3,100,1,Y,
ETH-01,Ethical Problem-Solving,causation-correlation,1,MOD-D10-07,,3,100,1,Y,
ETH-01,Ethical Problem-Solving,consent-confidentiality-confusion,1,MOD-D10-07,,3,100,1,Y,
ETH-01,Ethical Problem-Solving,model-conflation,1,MOD-D10-07,,3,100,1,Y,
ETH-01,Ethical Problem-Solving,eligibility-criteria-confusion,1,MOD-D10-07,,3,100,1,Y,
ETH-01,Ethical Problem-Solving,tier-level-confusion,1,MOD-D10-07,,3,100,1,Y,
ETH-02,Liability and Supervision,purpose-confusion,1,MOD-D10-07,,3,100,1,Y,
ETH-02,Liability and Supervision,validity-reliability-confusion,1,MOD-D10-03,Ethical Violations: Address at the Lowest Level First,3,100,1,Y,
ETH-02,Liability and Supervision,treatment-assessment-confusion,1,MOD-D10-03,Ethical Violations: Address at the Lowest Level First,3,100,1,Y,
ETH-02,Liability and Supervision,developmental-stage-mismatch,1,MOD-D10-03,Ethical Violations: Address at the Lowest Level First,3,100,1,Y,
ETH-02,Liability and Supervision,sequence-inversion,1,MOD-D10-03,Ethical Violations: Address at the Lowest Level First,3,100,1,Y,
ETH-02,Liability and Supervision,component-confusion,1,MOD-D10-03,Ethical Violations: Address at the Lowest Level First,3,100,1,Y,
ETH-02,Liability and Supervision,causation-correlation,1,MOD-D10-03,Ethical Violations: Address at the Lowest Level First,3,100,1,Y,
ETH-02,Liability and Supervision,scope-overgeneralization,1,MOD-D10-03,Ethical Violations: Address at the Lowest Level First,3,100,1,Y,
ETH-02,Liability and Supervision,norm-criterion-confusion,1,MOD-D10-03,Ethical Violations: Address at the Lowest Level First,3,100,1,Y,
ETH-02,Liability and Supervision,eligibility-criteria-confusion,1,MOD-D10-03,Ethical Violations: Address at the Lowest Level First,3,100,1,Y,
ETH-02,Liability and Supervision,consent-confidentiality-confusion,1,MOD-D10-03,Ethical Violations: Address at the Lowest Level First,3,100,1,Y,
ETH-03,Advocacy and Growth,purpose-confusion,1,MOD-D10-07,,3,100,1,Y,
ETH-03,Advocacy and Growth,tier-level-confusion,1,MOD-D10-07,,3,100,1,Y,
ETH-03,Advocacy and Growth,causation-correlation,1,MOD-D10-07,,3,100,1,Y,
ETH-03,Advocacy and Growth,label-retrieval,1,MOD-D10-07,,3,100,1,Y,
ETH-03,Advocacy and Growth,overgeneralization,1,MOD-D10-07,,3,100,1,Y,
ETH-03,Advocacy and Growth,treatment-assessment-confusion,1,MOD-D10-07,,3,100,1,Y,
ETH-03,Advocacy and Growth,consent-confidentiality-confusion,1,MOD-D10-07,,3,100,1,Y,
ETH-03,Advocacy and Growth,developmental-stage-mismatch,1,MOD-D10-07,,3,100,1,Y,
ETH-03,Advocacy and Growth,validity-reliability-confusion,1,MOD-D10-07,,3,100,1,Y,
ETH-03,Advocacy and Growth,sequence-inversion,1,MOD-D10-07,,3,100,1,Y,
LEG-01,FERPA,purpose-confusion,1,MOD-D10-04,,3,100,1,Y,
LEG-01,FERPA,eligibility-criteria-confusion,1,MOD-D10-04,,3,100,1,Y,
LEG-02,IDEA,eligibility-criteria-confusion,1,MOD-D10-01,IDEA and Child Find: The Identification Mandate,4,100,1,Y,
LEG-02,IDEA,purpose-confusion,1,MOD-D10-01,IDEA and Child Find: The Identification Mandate,4,100,1,Y,
LEG-02,IDEA,scope-overgeneralization,1,MOD-D10-01,IDEA and Child Find: The Identification Mandate,4,100,1,Y,
LEG-02,IDEA,indirect-direct-confusion,1,MOD-D10-01,IDEA and Child Find: The Identification Mandate,4,100,1,Y,
LEG-02,IDEA,overgeneralization,1,MOD-D10-01,IDEA and Child Find: The Identification Mandate,4,100,1,Y,
LEG-02,IDEA,causation-correlation,1,MOD-D10-01,IDEA and Child Find: The Identification Mandate,4,100,1,Y,
LEG-02,IDEA,role-confusion,1,MOD-D10-01,IDEA and Child Find: The Identification Mandate,4,100,1,Y,
LEG-03,Section 504 and ADA,model-conflation,1,MOD-D10-01,IDEA and Child Find: The Identification Mandate,4,100,1,Y,
LEG-03,Section 504 and ADA,treatment-assessment-confusion,1,MOD-D10-01,IDEA and Child Find: The Identification Mandate,4,100,1,Y,
LEG-03,Section 504 and ADA,prerequisite-skipping,1,MOD-D10-01,IDEA and Child Find: The Identification Mandate,4,100,1,Y,
LEG-03,Section 504 and ADA,norm-criterion-confusion,1,MOD-D10-01,IDEA and Child Find: The Identification Mandate,4,100,1,Y,
LEG-03,Section 504 and ADA,scope-overgeneralization,1,MOD-D10-01,IDEA and Child Find: The Identification Mandate,4,100,1,Y,
LEG-03,Section 504 and ADA,label-retrieval,1,MOD-D10-01,IDEA and Child Find: The Identification Mandate,4,100,1,Y,
LEG-03,Section 504 and ADA,sequence-inversion,1,MOD-D10-01,IDEA and Child Find: The Identification Mandate,4,100,1,Y,
LEG-03,Section 504 and ADA,consent-confidentiality-confusion,1,MOD-D10-01,IDEA and Child Find: The Identification Mandate,4,100,1,Y,
LEG-04,Case Law,model-conflation,1,MOD-D10-08,Major Legal Cases — Quick Reference,2,100,1,Y,THIN
LEG-04,Case Law,purpose-confusion,1,MOD-D10-08,Major Legal Cases — Quick Reference,2,100,1,Y,THIN
LEG-04,Case Law,validity-reliability-confusion,1,MOD-D10-08,Major Legal Cases — Quick Reference,2,100,1,Y,THIN
LEG-04,Case Law,norm-criterion-confusion,1,MOD-D10-08,Major Legal Cases — Quick Reference,2,100,1,Y,THIN
LEG-04,Case Law,treatment-assessment-confusion,1,MOD-D10-08,Major Legal Cases — Quick Reference,2,100,1,Y,THIN
LEG-04,Case Law,role-confusion,1,MOD-D10-08,Major Legal Cases — Quick Reference,2,100,1,Y,THIN
LEG-04,Case Law,prerequisite-skipping,1,MOD-D10-08,Major Legal Cases — Quick Reference,2,100,1,Y,THIN
LEG-04,Case Law,causation-correlation,1,MOD-D10-08,Major Legal Cases — Quick Reference,2,100,1,Y,THIN
LEG-04,Case Law,tier-level-confusion,1,MOD-D10-08,Major Legal Cases — Quick Reference,2,100,1,Y,THIN
LEG-04,Case Law,scope-overgeneralization,1,MOD-D10-08,Major Legal Cases — Quick Reference,2,100,1,Y,THIN
RES-02,Research to Practice,prerequisite-skipping,1,MOD-D9-05,Implementation Science: Dissemination Comes First,3,100,1,Y,
RES-02,Research to Practice,role-confusion,1,MOD-D9-05,Implementation Science: Dissemination Comes First,3,100,1,Y,
RES-02,Research to Practice,scope-undergeneralization,1,MOD-D9-05,Implementation Science: Dissemination Comes First,3,100,1,Y,
RES-02,Research to Practice,tier-level-confusion,1,MOD-D9-05,Implementation Science: Dissemination Comes First,3,100,1,Y,
RES-02,Research to Practice,treatment-assessment-confusion,1,MOD-D9-05,Implementation Science: Dissemination Comes First,3,100,1,Y,
RES-02,Research to Practice,causation-correlation,1,MOD-D9-05,Implementation Science: Dissemination Comes First,3,100,1,Y,
RES-03,Research Design,scope-overgeneralization,1,MOD-D9-01,Research Design Vocabulary: Experimental and Control Groups,3,100,1,Y,
RES-03,Research Design,population-confusion,1,MOD-D9-01,Research Design Vocabulary: Experimental and Control Groups,3,100,1,Y,
RES-03,Research Design,indirect-direct-confusion,1,MOD-D9-01,Research Design Vocabulary: Experimental and Control Groups,3,100,1,Y,
RES-03,Research Design,treatment-assessment-confusion,1,MOD-D9-01,Research Design Vocabulary: Experimental and Control Groups,3,100,1,Y,
RES-03,Research Design,scope-undergeneralization,1,MOD-D9-01,Research Design Vocabulary: Experimental and Control Groups,3,100,1,Y,
RES-03,Research Design,overgeneralization,1,MOD-D9-01,Research Design Vocabulary: Experimental and Control Groups,3,100,1,Y,
RES-03,Research Design,sequence-inversion,1,MOD-D9-01,Research Design Vocabulary: Experimental and Control Groups,3,100,1,Y,
RES-03,Research Design,validity-reliability-confusion,1,MOD-D9-01,Research Design Vocabulary: Experimental and Control Groups,3,100,1,Y,
RES-03,Research Design,tier-level-confusion,1,MOD-D9-01,Research Design Vocabulary: Experimental and Control Groups,3,100,1,Y,
RES-03,Research Design,developmental-stage-mismatch,1,MOD-D9-01,Research Design Vocabulary: Experimental and Control Groups,3,100,1,Y,
CON-01,Consultation Models,eligibility-criteria-confusion,1,MOD-D2-01,The Nonhierarchical Collaborative Consultation Model,4,100,1,Y,
LEG-02,IDEA,developmental-stage-mismatch,1,MOD-D10-01,IDEA and Child Find: The Identification Mandate,4,100,1,Y,
SAF-01,Schoolwide Prevention,scope-overgeneralization,1,MOD-D5-01,PBIS: The NASP-Endorsed System-Wide Practice,3,100,1,Y,
DBD-03,Cognitive Assessment,scope-overgeneralization,1,MOD-D1-07,Reading Standard Scores on Cognitive Assessments,5,100,1,Y,
ETH-02,Liability and Supervision,model-conflation,1,MOD-D10-03,Ethical Violations: Address at the Lowest Level First,3,100,1,Y,
FAM-02,Family Advocacy,label-retrieval,1,MOD-D7-02,Mandated Reporting: Your Personal Duty Cannot Be Delegated,3,100,1,Y,
LEG-03,Section 504 and ADA,indirect-direct-confusion,1,MOD-D10-01,IDEA and Child Find: The Identification Mandate,4,100,1,Y,
ETH-01,Ethical Problem-Solving,developmental-stage-mismatch,1,MOD-D10-03,Ethical Violations: Address at the Lowest Level First,3,100,1,Y,
SWP-04,Systems MTSS,developmental-stage-mismatch,1,MOD-D5-04,Disproportionality: Group Membership and Unequal Outcomes,3,100,1,Y,
DBD-05,Processing Measures,role-confusion,1,MOD-D1-11,Matrices Subtests = Nonverbal / Fluid Reasoning,4,100,1,Y,
ACA-03,Study Skills,validity-reliability-confusion,1,MOD-D3-06,Chunking: The Memory Strategy for Long Lists,4,100,1,Y,
DEV-01,Development,norm-criterion-confusion,1,MOD-D4-09,,4,100,1,Y,
SWP-03,Schoolwide Practices,role-confusion,1,MOD-D5-01,PBIS: The NASP-Endorsed System-Wide Practice,3,100,1,Y,
SAF-03,Threat Assessment,scope-overgeneralization,1,MOD-D6-03,Threat Assessment: Duty to Warn,2,100,1,Y,THIN
RES-03,Research Design,role-confusion,1,MOD-D9-01,Research Design Vocabulary: Experimental and Control Groups,3,100,1,Y,
DBD-01,RIOT Framework,norm-criterion-confusion,1,MOD-D9-04,RTI Data Analysis: Three Levels,3,100,1,Y,
DBD-08,Progress Monitoring,developmental-stage-mismatch,1,MOD-D1-02,RTI Data: Universal Screening vs. Progress Monitoring,4,100,1,Y,
DBD-03,Cognitive Assessment,consent-confidentiality-confusion,1,MOD-D1-07,Reading Standard Scores on Cognitive Assessments,5,100,1,Y,
SAF-01,Schoolwide Prevention,norm-criterion-confusion,1,MOD-D5-01,PBIS: The NASP-Endorsed System-Wide Practice,3,100,1,Y,
LEG-03,Section 504 and ADA,eligibility-criteria-confusion,1,MOD-D10-01,IDEA and Child Find: The Identification Mandate,4,100,1,Y,
DBD-01,RIOT Framework,sequence-inversion,1,MOD-D9-04,RTI Data Analysis: Three Levels,3,100,1,Y,
SWP-04,Systems MTSS,population-confusion,1,MOD-D5-04,Disproportionality: Group Membership and Unequal Outcomes,3,100,1,Y,
PSY-03,MTSS in Assessment,label-retrieval,1,MOD-D1-06,MTSS Tiers: What Belongs at Tier 1 vs. Tier 3,4,100,1,Y,
DBD-01,RIOT Framework,purpose-confusion,1,MOD-D9-04,RTI Data Analysis: Three Levels,3,100,1,Y,
PSY-03,MTSS in Assessment,overgeneralization,1,MOD-D1-06,MTSS Tiers: What Belongs at Tier 1 vs. Tier 3,4,100,1,Y,
PSY-03,MTSS in Assessment,population-confusion,1,MOD-D1-06,MTSS Tiers: What Belongs at Tier 1 vs. Tier 3,4,100,1,Y,
PSY-03,MTSS in Assessment,developmental-stage-mismatch,1,MOD-D1-06,MTSS Tiers: What Belongs at Tier 1 vs. Tier 3,4,100,1,Y,
PSY-04,CLD Assessment,treatment-assessment-confusion,1,MOD-D8-01,Testing ELL and Diverse Students: Caution and Cultural Humility,3,100,1,Y,
SAF-01,Schoolwide Prevention,causation-correlation,1,MOD-D5-01,PBIS: The NASP-Endorsed System-Wide Practice,3,100,1,Y,
MBH-03,Intervention Models,consent-confidentiality-confusion,1,MOD-D4-01,CBT: The Most Supported School-Based Counseling Approach,4,100,1,Y,
MBH-04,Psychopathology,purpose-confusion,1,MOD-D4-09,,4,100,1,Y,
SAF-04,Crisis Response,population-confusion,1,MOD-D6-01,Crisis Prevention: The Primary Emphasis,3,100,1,Y,
DEV-01,Development,causation-correlation,1,MOD-D4-09,,4,100,1,Y,
DBD-03,Cognitive Assessment,overgeneralization,1,MOD-D1-07,Reading Standard Scores on Cognitive Assessments,5,100,1,Y,
RES-03,Research Design,eligibility-criteria-confusion,1,MOD-D9-01,Research Design Vocabulary: Experimental and Control Groups,3,100,1,Y,
DBD-05,Processing Measures,eligibility-criteria-confusion,1,MOD-D1-10,,4,100,1,Y,
MBH-04,Psychopathology,norm-criterion-confusion,1,MOD-D4-09,,4,100,1,Y,
MBH-03,Intervention Models,validity-reliability-confusion,1,MOD-D4-04,Reinforcement Fading: Teaching Independence,2,100,1,Y,THIN
RES-03,Research Design,prerequisite-skipping,1,MOD-D9-01,Research Design Vocabulary: Experimental and Control Groups,3,100,1,Y,
ACA-04,Instructional Strategies,developmental-stage-mismatch,1,MOD-D3-01,Evidence-Based Teaching: Explicit and Systematic Instruction,4,100,1,Y,
ACA-03,Study Skills,eligibility-criteria-confusion,1,MOD-D3-06,Chunking: The Memory Strategy for Long Lists,4,100,1,Y,
LEG-04,Case Law,population-confusion,1,MOD-D10-08,Major Legal Cases — Quick Reference,2,100,1,Y,THIN
ETH-02,Liability and Supervision,population-confusion,1,MOD-D10-03,Ethical Violations: Address at the Lowest Level First,3,100,1,Y,
MBH-03,Intervention Models,tier-level-confusion,1,MOD-D4-04,Reinforcement Fading: Teaching Independence,2,100,1,Y,THIN
ACA-06,Learning Theory,sequence-inversion,1,MOD-D3-05,Intrinsic Motivation: Why Choice Beats Candy,4,100,1,Y,
MBH-02,Counseling Supports,population-confusion,1,MOD-D4-01,CBT: The Most Supported School-Based Counseling Approach,4,100,1,Y,
MBH-03,Intervention Models,developmental-stage-mismatch,1,MOD-D4-04,Reinforcement Fading: Teaching Independence,2,100,1,Y,THIN
MBH-02,Counseling Supports,purpose-confusion,1,MOD-D4-01,CBT: The Most Supported School-Based Counseling Approach,4,100,1,Y,
ETH-03,Advocacy and Growth,component-confusion,1,MOD-D10-07,,3,100,1,Y,
